Candidate ID,Candidate Name,Age,Gender,Current City,Highest Education,Degree,Specialization,Graduation Year,Total Experience Years,Relevant Experience Years,Experience Level,Current Job Title,Skills,Certifications,Current Industry,Target Role,Target Industry,Preferred Location,Preferred Work Mode,Notice Period,Expected Salary LPA,Application Status,Shortlist Status,Synthetic Data
C0001,Nisha Bose,24,Other,Delhi,BCA,BCA,Computer Applications,2014,0,0,Entry Level,Graduate / Trainee,"SQL, JavaScript, AWS",AWS Certified Solutions Architect,"Technology, Information and Internet",Salesforce Developer,Software Development,Delhi,On-site,60 days,4.0,Applied,Shortlisted,Yes
C0002,Kavya Verma,28,Female,Hyderabad,M.Tech,M.Tech,Artificial Intelligence,2021,7,6,Senior / Lead,Senior Software Developer,"Java, JavaScript, Git, SQL, Excel, Hadoop",None,Financial Services,Software Developer,Software Development,Gurugram,On-site,Immediate,12.8,Applied,Shortlisted,Yes
C0003,Vikram Das,23,Other,Chennai,M.Tech,M.Tech,Data Science,2024,1,0,Entry Level,Graduate / Trainee,"SQL, JavaScript",SQL Certification,IT Services and IT Consulting,Salesforce Developer,Software Development,Hyderabad,Hybrid,Immediate,5.0,Applied,Shortlisted,Yes
C0004,Kavya Singh,22,Other,Noida,M.Tech,M.Tech,Data Science,2017,1,0,Entry Level,Graduate / Trainee,"SQL, Power BI, Excel, Tableau",Google Data Analytics,"Technology, Information and Internet",Business Intelligence Analyst,"Technology, Information and Internet",Hyderabad,Hybrid,60 days,2.5,Applied,Shortlisted,Yes
C0005,Rohan Iyer,31,Male,Delhi,B.Tech,B.Tech,Artificial Intelligence,2016,5,5,Mid Level,IT Business Analyst,"SQL, Excel, Power BI",Microsoft Power BI,Software Development,IT Business Analyst,IT Services and IT Consulting,Mumbai,Hybrid,90 days,5.3,Applied,Shortlisted,Yes
C0006,Rohan Pillai,27,Female,Bengaluru,M.Tech,M.Tech,Data Science,2018,1,0,Entry Level,Graduate / Trainee,"Java, Python, SQL, Git",None,IT Services and IT Consulting,Backend Developer,Software Development,Hyderabad,On-site,15 days,5.1,Applied,Shortlisted,Yes
C0007,Neha Pillai,26,Male,Pune,MCA,MCA,Information Technology,2015,3,2,Mid Level,Data Engineer,"Python, SQL, Spark, AWS, Docker, Tableau, Artificial Intelligence",AWS Certified Solutions Architect,IT Services and IT Consulting,Data Engineer,"Technology, Information and Internet",Chennai,Hybrid,15 days,8.6,Applied,Shortlisted,Yes
C0008,Diya Iyer,31,Other,Mumbai,BCA,BCA,Computer Applications,2024,9,8,Senior / Lead,Senior DevOps Engineer,"AWS, Docker, Kubernetes, Git, Power BI, GCP",None,IT Services and IT Consulting,DevOps Engineer,IT Services and IT Consulting,Bengaluru,On-site,60 days,13.3,Applied,Shortlisted,Yes
C0009,Ishaan Gupta,32,Female,Chennai,BCA,BCA,Computer Applications,2014,10,9,Senior / Lead,Senior QA Engineer,"Selenium, Java, Python, Git",Selenium Automation Certification,Software Development,QA Engineer,Software Development,Mumbai,Remote,60 days,16.4,Applied,Shortlisted,Yes
C0010,Nisha Reddy,35,Other,Delhi,M.Tech,M.Tech,Data Science,2022,7,6,Senior / Lead,Senior DevOps Engineer,"AWS, Docker, Kubernetes, Git",AWS Certified Cloud Practitioner,Business Consulting and Services,DevOps Engineer,Software Development,Mumbai,Remote,90 days,11.6,Applied,Shortlisted,Yes
C0011,Rahul Nair,24,Other,Gurugram,MCA,MCA,Information Technology,2015,2,2,Junior,Junior Software Developer,"Java, JavaScript, Git, SQL, Selenium, Kubernetes",SQL Certification,"Technology, Information and Internet",Software Developer,IT Services and IT Consulting,Mumbai,Remote,90 days,6.4,Applied,Shortlisted,Yes
C0012,Kiran Rao,28,Other,Noida,M.Sc,M.Sc,Information Technology,2014,4,4,Mid Level,Data Analyst,"Python, SQL, Excel",SQL Certification,"Technology, Information and Internet",Data Analyst,IT Services and IT Consulting,Gurugram,On-site,60 days,9.8,Applied,Shortlisted,Yes
C0013,Kavya Joshi,30,Other,Pune,B.E.,B.E.,Computer Science,2024,6,5,Mid Level,Data Scientist,"Python, SQL, Machine Learning, Spark, Kubernetes",Google Advanced Data Analytics,Software Development,Data Scientist,"Technology, Information and Internet",Noida,On-site,60 days,9.1,Applied,Shortlisted,Yes
C0014,Pooja Patel,27,Female,Bengaluru,MCA,MCA,Computer Applications,2020,3,3,Junior,Junior Database Engineer,"SQL, Python, Spark",SQL Certification,"Technology, Information and Internet",Database Engineer,Software Development,Mumbai,Hybrid,90 days,5.1,Applied,Shortlisted,Yes
C0015,Sneha Reddy,23,Other,Noida,BCA,BCA,Information Technology,2019,0,0,Entry Level,Graduate / Trainee,"Java, JavaScript, Git, SQL",None,Software Development,Software Engineer,IT Services and IT Consulting,Bengaluru,Remote,Immediate,4.4,Applied,Shortlisted,Yes
C0016,Aarav Iyer,34,Female,Noida,BCA,BCA,Computer Applications,2014,6,5,Mid Level,Business Intelligence Analyst,"SQL, Power BI, Excel, Tableau, Docker, AWS",None,Software Development,Business Intelligence Analyst,Software Development,Bengaluru,Hybrid,90 days,8.9,Applied,Shortlisted,Yes
C0017,Sneha Gupta,32,Female,Delhi,BCA,BCA,Computer Applications,2023,6,6,Mid Level,Full Stack Developer,"JavaScript, React, Node.js, Git, Tableau",None,IT Services and IT Consulting,Full Stack Developer,"Technology, Information and Internet",Hyderabad,On-site,15 days,13.0,Applied,Shortlisted,Yes
C0018,Ananya Das,29,Female,Hyderabad,B.Tech,B.Tech,Information Technology,2015,3,3,Mid Level,Cloud Engineer,"AWS, Azure, Docker, Kubernetes, Machine Learning, Artificial Intelligence",Google Advanced Data Analytics,"Technology, Information and Internet",Cloud Engineer,Software Development,Mumbai,On-site,60 days,8.9,Applied,Shortlisted,Yes
C0019,Aarav Nair,32,Male,Mumbai,M.Tech,M.Tech,Data Science,2022,4,3,Mid Level,Software Developer,"Java, JavaScript, Git, SQL",SQL Certification,"Technology, Information and Internet",Software Developer,"Technology, Information and Internet",Gurugram,Hybrid,60 days,8.1,Applied,Shortlisted,Yes
C0020,Priya Menon,35,Male,Bengaluru,B.E.,B.E.,Information Technology,2018,11,11,Senior / Lead,Senior Data Scientist,"Python, SQL, Machine Learning, Spark, Excel",Google Advanced Data Analytics,Financial Services,Data Scientist,Software Development,Chennai,Remote,15 days,16.3,Applied,Shortlisted,Yes
C0021,Kiran Menon,26,Other,Pune,MCA,MCA,Information Technology,2017,2,2,Junior,Junior DevOps Engineer,"AWS, Docker, Kubernetes, Git",AWS Certified Cloud Practitioner,"Technology, Information and Internet",DevOps Engineer,"Technology, Information and Internet",Bengaluru,On-site,15 days,5.1,Applied,Shortlisted,Yes
C0022,Vikram Rao,28,Male,Gurugram,BCA,BCA,Information Technology,2022,5,5,Mid Level,Database Engineer,"SQL, Python, Spark, Artificial Intelligence, Git",SQL Certification,Financial Services,Database Engineer,IT Services and IT Consulting,Mumbai,Hybrid,60 days,9.0,Applied,Shortlisted,Yes
C0023,Aarav Sharma,25,Other,Pune,B.Tech,B.Tech,Information Technology,2023,0,0,Entry Level,Graduate / Trainee,"Python, Artificial Intelligence, Machine Learning",Machine Learning Certificate,Business Consulting and Services,AI Engineer,Software Development,Bengaluru,On-site,90 days,3.6,Applied,Shortlisted,Yes
C0024,Rohan Gupta,31,Female,Bengaluru,M.Tech,M.Tech,Data Science,2018,10,9,Senior / Lead,Senior SAP Consultant,"SQL, Java",Java Certification,"Technology, Information and Internet",SAP Consultant,"Technology, Information and Internet",Hyderabad,Hybrid,90 days,14.8,Applied,Shortlisted,Yes
C0025,Sneha Reddy,24,Other,Gurugram,M.Sc,M.Sc,Information Technology,2023,3,3,Mid Level,Cybersecurity Analyst,"Python, SQL, Git",SQL Certification,Financial Services,Cybersecurity Analyst,"Technology, Information and Internet",Mumbai,On-site,60 days,5.9,Applied,Shortlisted,Yes
C0026,Diya Pillai,29,Female,Delhi,MCA,MCA,Information Technology,2023,3,2,Junior,Junior QA Engineer,"Selenium, Java",None,"Technology, Information and Internet",QA Engineer,"Technology, Information and Internet",Gurugram,On-site,15 days,5.1,Applied,Not Shortlisted,Yes
C0027,Kiran Iyer,34,Other,Mumbai,M.Sc,M.Sc,Data Science,2017,6,5,Mid Level,Backend Developer,"Java, Python, SQL, Git, Docker, Power BI",None,IT Services and IT Consulting,Backend Developer,Software Development,Noida,Remote,90 days,11.7,Applied,Shortlisted,Yes
C0028,Kavya Pillai,26,Female,Gurugram,M.Tech,M.Tech,Artificial Intelligence,2022,3,3,Junior,Junior Data Scientist,"Python, SQL",SQL Certification,Software Development,Data Scientist,Software Development,Noida,Hybrid,Immediate,6.2,Applied,Shortlisted,Yes
C0029,Vikram Kumar,32,Male,Hyderabad,M.Sc,M.Sc,Data Science,2021,9,8,Senior / Lead,Senior Full Stack Developer,"JavaScript, React, Node.js, Git, Docker",None,Software Development,Full Stack Developer,"Technology, Information and Internet",Mumbai,On-site,60 days,14.8,Applied,Shortlisted,Yes
C0030,Diya Singh,31,Male,Bengaluru,B.Tech,B.Tech,Information Technology,2025,4,3,Mid Level,QA Engineer,"Selenium, Java, Python, Git",None,Software Development,QA Engineer,Software Development,Noida,On-site,60 days,10.1,Applied,Shortlisted,Yes
C0031,Sanjay Menon,29,Other,Chennai,B.Tech,B.Tech,Information Technology,2021,4,3,Mid Level,IT Support Engineer,"SQL, Git, Tableau",None,Financial Services,IT Support Engineer,"Technology, Information and Internet",Gurugram,Hybrid,Immediate,8.5,Applied,Shortlisted,Yes
C0032,Kiran Joshi,31,Other,Hyderabad,BCA,BCA,Information Technology,2018,3,2,Junior,Junior Cloud Engineer,"AWS, Azure, Docker, Kubernetes, GCP",Microsoft Azure Fundamentals,Software Development,Cloud Engineer,Software Development,Chennai,On-site,90 days,7.0,Applied,Shortlisted,Yes
C0033,Ananya Gupta,26,Male,Noida,M.Tech,M.Tech,Computer Science,2020,2,2,Junior,Junior Data Engineer,"Python, SQL, Spark, AWS, Docker, Artificial Intelligence, Hadoop",SQL Certification,Financial Services,Data Engineer,IT Services and IT Consulting,Delhi,Remote,60 days,3.6,Applied,Shortlisted,Yes
C0034,Neha Menon,26,Other,Pune,B.E.,B.E.,Electronics,2022,0,0,Entry Level,Graduate / Trainee,"Java, Python, SQL, Git, Hadoop, React",None,"Technology, Information and Internet",Backend Developer,"Technology, Information and Internet",Delhi,On-site,15 days,2.5,Applied,Shortlisted,Yes
C0035,Ishaan Iyer,27,Other,Noida,M.Tech,M.Tech,Data Science,2014,6,6,Mid Level,Salesforce Developer,"SQL, JavaScript, AWS, Power BI",Google Data Analytics,Software Development,Salesforce Developer,IT Services and IT Consulting,Noida,On-site,90 days,12.8,Applied,Shortlisted,Yes
C0036,Ananya Joshi,33,Male,Gurugram,B.Sc,B.Sc,Information Technology,2024,8,8,Senior / Lead,Senior Data Scientist,"Python, SQL, Machine Learning, Spark, Git, Tableau",None,Software Development,Data Scientist,"Technology, Information and Internet",Pune,Hybrid,15 days,11.1,Applied,Shortlisted,Yes
C0037,Kiran Joshi,22,Female,Pune,M.Tech,M.Tech,Computer Science,2021,0,0,Entry Level,Graduate / Trainee,"SQL, JavaScript",SQL Certification,Business Consulting and Services,Salesforce Developer,IT Services and IT Consulting,Pune,Hybrid,90 days,2.7,Applied,Shortlisted,Yes
C0038,Ishaan Iyer,30,Other,Gurugram,BCA,BCA,Information Technology,2021,9,8,Senior / Lead,Senior Full Stack Developer,"JavaScript, React, Node.js, Git, Kubernetes, SQL",SQL Certification,Software Development,Full Stack Developer,"Technology, Information and Internet",Chennai,Remote,90 days,14.0,Applied,Shortlisted,Yes
C0039,Kiran Gupta,31,Female,Pune,B.Sc,B.Sc,Computer Science,2020,5,5,Mid Level,Frontend Developer,"JavaScript, React, Git",None,"Technology, Information and Internet",Frontend Developer,"Technology, Information and Internet",Mumbai,On-site,60 days,7.5,Applied,Shortlisted,Yes
C0040,Sneha Patel,28,Other,Delhi,BCA,BCA,Information Technology,2017,6,5,Mid Level,DevOps Engineer,"AWS, Docker, Kubernetes, Git",AWS Certified Cloud Practitioner,IT Services and IT Consulting,DevOps Engineer,Software Development,Gurugram,On-site,15 days,7.5,Applied,Shortlisted,Yes
C0041,Priya Singh,30,Other,Gurugram,B.Tech,B.Tech,Artificial Intelligence,2025,5,5,Mid Level,Cloud Engineer,"AWS, Azure, Docker, Kubernetes, Artificial Intelligence, Git",Microsoft Azure Fundamentals,"Technology, Information and Internet",Cloud Engineer,IT Services and IT Consulting,Bengaluru,Hybrid,90 days,8.9,Applied,Shortlisted,Yes
C0042,Aditya Gupta,37,Other,Delhi,M.Tech,M.Tech,Artificial Intelligence,2016,10,9,Senior / Lead,Senior Data Engineer,"Python, SQL, Spark, AWS, Docker, Artificial Intelligence, Azure",AWS Certified Cloud Practitioner,Financial Services,Data Engineer,IT Services and IT Consulting,Pune,On-site,15 days,16.4,Applied,Shortlisted,Yes
C0043,Diya Menon,39,Male,Delhi,M.Tech,M.Tech,Data Science,2024,11,11,Senior / Lead,Senior SAP Consultant,"SQL, Java, Kubernetes",None,Business Consulting and Services,SAP Consultant,IT Services and IT Consulting,Bengaluru,Hybrid,60 days,15.6,Applied,Shortlisted,Yes
C0044,Rohan Verma,29,Female,Bengaluru,B.E.,B.E.,Information Technology,2023,1,1,Junior,Junior Data Analyst,"Python, SQL, Excel, Power BI, Tableau, Node.js",SQL Certification,"Technology, Information and Internet",Data Analyst,"Technology, Information and Internet",Mumbai,Hybrid,90 days,3.8,Applied,Shortlisted,Yes
C0045,Sneha Nair,27,Female,Delhi,MCA,MCA,Computer Applications,2023,6,6,Mid Level,Cybersecurity Analyst,"Python, SQL",None,Financial Services,Cybersecurity Analyst,"Technology, Information and Internet",Pune,Remote,15 days,10.2,Applied,Shortlisted,Yes
C0046,Sneha Sharma,28,Female,Bengaluru,M.Sc,M.Sc,Computer Science,2020,6,5,Mid Level,QA Engineer,"Selenium, Java, Python, Git, React",Selenium Automation Certification,IT Services and IT Consulting,QA Engineer,IT Services and IT Consulting,Bengaluru,Hybrid,90 days,9.9,Applied,Shortlisted,Yes
C0047,Rahul Patel,31,Other,Pune,BCA,BCA,Information Technology,2019,3,3,Mid Level,Full Stack Developer,"JavaScript, React, Node.js, Git",None,IT Services and IT Consulting,Full Stack Developer,Software Development,Noida,On-site,60 days,6.7,Applied,Shortlisted,Yes
C0048,Meera Pillai,27,Male,Bengaluru,MCA,MCA,Information Technology,2015,0,0,Entry Level,Graduate / Trainee,"Python, SQL, Git",None,Financial Services,Cybersecurity Analyst,IT Services and IT Consulting,Hyderabad,Hybrid,Immediate,2.5,Applied,Shortlisted,Yes
C0049,Rahul Menon,27,Male,Pune,B.Sc,B.Sc,Data Science,2017,1,1,Entry Level,Graduate / Trainee,"SQL, Power BI, Excel, Tableau, Machine Learning",None,Software Development,Business Intelligence Analyst,IT Services and IT Consulting,Noida,On-site,30 days,4.3,Applied,Shortlisted,Yes
C0050,Diya Iyer,29,Female,Chennai,BCA,BCA,Information Technology,2017,8,8,Senior / Lead,Senior Data Engineer,"Python, SQL, Spark, AWS, Docker, Excel, GCP",SQL Certification,Business Consulting and Services,Data Engineer,IT Services and IT Consulting,Hyderabad,On-site,90 days,13.4,Applied,Shortlisted,Yes
C0051,Diya Bose,25,Female,Delhi,B.E.,B.E.,Information Technology,2020,3,3,Junior,Junior Frontend Developer,"JavaScript, React, Git",None,IT Services and IT Consulting,Frontend Developer,Software Development,Noida,Hybrid,30 days,7.0,Applied,Shortlisted,Yes
C0052,Aarav Menon,26,Other,Bengaluru,BCA,BCA,Computer Applications,2024,2,1,Junior,Junior Data Engineer,"Python, SQL, Spark, AWS, Docker, Selenium, Excel",AWS Certified Cloud Practitioner,"Technology, Information and Internet",Data Engineer,Software Development,Bengaluru,Hybrid,15 days,7.7,Applied,Shortlisted,Yes
C0053,Pooja Kumar,28,Female,Delhi,BCA,BCA,Computer Applications,2014,2,1,Junior,Junior SAP Consultant,"SQL, Java",Java Certification,Financial Services,SAP Consultant,IT Services and IT Consulting,Bengaluru,Remote,60 days,4.7,Applied,Shortlisted,Yes
C0054,Aditya Iyer,29,Other,Chennai,M.Sc,M.Sc,Data Science,2014,1,0,Entry Level,Graduate / Trainee,"SQL, Excel, Power BI",SQL Certification,IT Services and IT Consulting,IT Business Analyst,IT Services and IT Consulting,Delhi,On-site,90 days,2.5,Applied,Shortlisted,Yes
C0055,Ishaan Verma,28,Female,Noida,B.E.,B.E.,Information Technology,2021,0,0,Entry Level,Graduate / Trainee,"Java, JavaScript, Git, SQL, Tableau",SQL Certification,Software Development,Software Developer,IT Services and IT Consulting,Mumbai,On-site,90 days,2.5,Applied,Shortlisted,Yes
C0056,Sanjay Patel,25,Male,Gurugram,B.Tech,B.Tech,Artificial Intelligence,2017,0,0,Entry Level,Graduate / Trainee,"SQL, Git, Docker",SQL Certification,Financial Services,IT Support Engineer,IT Services and IT Consulting,Gurugram,Hybrid,90 days,6.3,Applied,Shortlisted,Yes
C0057,Arjun Das,29,Other,Bengaluru,BCA,BCA,Information Technology,2015,4,4,Mid Level,Software Engineer,"Java, JavaScript, Git, SQL",Java Certification,"Technology, Information and Internet",Software Engineer,Software Development,Hyderabad,Hybrid,Immediate,7.7,Applied,Shortlisted,Yes
C0058,Aditya Joshi,27,Other,Bengaluru,B.Tech,B.Tech,Computer Science,2021,2,2,Junior,Junior Cloud Engineer,"AWS, Azure",AWS Certified Solutions Architect,Financial Services,Cloud Engineer,"Technology, Information and Internet",Pune,Remote,15 days,6.3,Applied,Shortlisted,Yes
C0059,Neha Bose,28,Male,Mumbai,B.Tech,B.Tech,Computer Science,2015,5,4,Mid Level,IT Support Engineer,"SQL, Git",SQL Certification,Business Consulting and Services,IT Support Engineer,Software Development,Bengaluru,Hybrid,90 days,8.0,Applied,Shortlisted,Yes
C0060,Priya Menon,30,Female,Noida,B.E.,B.E.,Computer Science,2018,5,5,Mid Level,AI Engineer,"Python, Artificial Intelligence, Machine Learning",Google Advanced Data Analytics,Financial Services,AI Engineer,Software Development,Bengaluru,Hybrid,60 days,9.5,Applied,Shortlisted,Yes
C0061,Ananya Kumar,31,Male,Pune,B.E.,B.E.,Information Technology,2020,4,3,Mid Level,IT Business Analyst,"SQL, Excel, Power BI, Tableau, Python",Google Data Analytics,Financial Services,IT Business Analyst,Software Development,Bengaluru,Hybrid,Immediate,9.6,Applied,Shortlisted,Yes
C0062,Arjun Sharma,31,Male,Pune,BCA,BCA,Computer Applications,2016,3,2,Junior,Junior Full Stack Developer,"JavaScript, React",None,Financial Services,Full Stack Developer,Software Development,Gurugram,Remote,30 days,6.3,Applied,Not Shortlisted,Yes
C0063,Kavya Rao,21,Male,Pune,MCA,MCA,Information Technology,2023,0,0,Entry Level,Graduate / Trainee,"Python, SQL, Machine Learning, Spark, Artificial Intelligence",SQL Certification,Software Development,Data Scientist,IT Services and IT Consulting,Bengaluru,Hybrid,60 days,4.4,Applied,Shortlisted,Yes
C0064,Pooja Patel,22,Male,Delhi,B.Tech,B.Tech,Information Technology,2020,0,0,Entry Level,Graduate / Trainee,"Python, SQL, Spark, AWS, Docker, Kubernetes",AWS Certified Solutions Architect,Business Consulting and Services,Data Engineer,"Technology, Information and Internet",Bengaluru,On-site,15 days,2.5,Applied,Shortlisted,Yes
C0065,Aditya Das,22,Other,Pune,M.Tech,M.Tech,Data Science,2014,1,1,Entry Level,Graduate / Trainee,"Java, Python, SQL, Git",Java Certification,"Technology, Information and Internet",Backend Developer,IT Services and IT Consulting,Bengaluru,Remote,60 days,3.7,Applied,Shortlisted,Yes
C0066,Aarav Nair,28,Male,Pune,M.Sc,M.Sc,Data Science,2020,2,1,Junior,Junior Software Developer,"Java, JavaScript, Git, SQL, Azure",SQL Certification,"Technology, Information and Internet",Software Developer,IT Services and IT Consulting,Gurugram,Hybrid,30 days,5.9,Applied,Shortlisted,Yes
C0067,Aarav Das,27,Male,Bengaluru,B.Sc,B.Sc,Computer Science,2025,2,2,Junior,Junior Business Intelligence Analyst,"SQL, Power BI",Microsoft Power BI,Business Consulting and Services,Business Intelligence Analyst,IT Services and IT Consulting,Noida,On-site,60 days,5.4,Applied,Shortlisted,Yes
C0068,Aisha Gupta,26,Other,Hyderabad,MCA,MCA,Computer Applications,2014,2,1,Junior,Junior Frontend Developer,"JavaScript, React, Git, Azure, Python",None,Software Development,Frontend Developer,Software Development,Chennai,Hybrid,30 days,6.3,Applied,Shortlisted,Yes
C0069,Vikram Patel,24,Male,Pune,M.Sc,M.Sc,Information Technology,2018,0,0,Entry Level,Graduate / Trainee,"Python, Machine Learning, Docker",Google Advanced Data Analytics,IT Services and IT Consulting,Machine Learning Engineer,IT Services and IT Consulting,Gurugram,Remote,Immediate,3.7,Applied,Shortlisted,Yes
C0070,Diya Joshi,25,Female,Bengaluru,B.Sc,B.Sc,Computer Science,2024,3,3,Mid Level,Machine Learning Engineer,"Python, Machine Learning, Docker, AWS",Google Advanced Data Analytics,Financial Services,Machine Learning Engineer,IT Services and IT Consulting,Noida,Hybrid,60 days,3.1,Applied,Shortlisted,Yes
C0071,Varun Das,29,Other,Bengaluru,MCA,MCA,Computer Applications,2020,3,3,Mid Level,Full Stack Developer,"JavaScript, React, Node.js, Git, Tableau",None,"Technology, Information and Internet",Full Stack Developer,Software Development,Delhi,On-site,15 days,7.5,Applied,Shortlisted,Yes
C0072,Rahul Kumar,25,Female,Hyderabad,B.Tech,B.Tech,Information Technology,2019,3,3,Junior,Junior IT Business Analyst,"SQL, Excel, Power BI",SQL Certification,Software Development,IT Business Analyst,"Technology, Information and Internet",Noida,On-site,90 days,4.9,Applied,Shortlisted,Yes
C0073,Rohan Das,28,Other,Mumbai,B.E.,B.E.,Information Technology,2015,0,0,Entry Level,Graduate / Trainee,"SQL, Git",SQL Certification,IT Services and IT Consulting,IT Support Engineer,"Technology, Information and Internet",Pune,On-site,15 days,3.0,Applied,Shortlisted,Yes
C0074,Priya Reddy,33,Male,Pune,MCA,MCA,Computer Applications,2015,6,6,Mid Level,Software Engineer,"Java, JavaScript, Git",Java Certification,"Technology, Information and Internet",Software Engineer,IT Services and IT Consulting,Chennai,Hybrid,30 days,11.7,Applied,Shortlisted,Yes
C0075,Diya Reddy,35,Male,Mumbai,B.E.,B.E.,Information Technology,2024,10,10,Senior / Lead,Senior Cloud Engineer,"AWS, Azure, Docker, Kubernetes",AWS Certified Solutions Architect,Software Development,Cloud Engineer,"Technology, Information and Internet",Noida,Remote,90 days,16.7,Applied,Shortlisted,Yes
C0076,Sanjay Pillai,27,Male,Mumbai,B.E.,B.E.,Information Technology,2020,3,3,Junior,Junior Software Engineer,"Java, JavaScript, Git, SQL, GCP",None,IT Services and IT Consulting,Software Engineer,Software Development,Hyderabad,Hybrid,60 days,5.5,Applied,Shortlisted,Yes
C0077,Aditya Das,23,Male,Chennai,B.Sc,B.Sc,Computer Science,2021,1,1,Entry Level,Graduate / Trainee,"Java, Python, SQL",Java Certification,Software Development,Backend Developer,"Technology, Information and Internet",Pune,On-site,30 days,4.6,Applied,Shortlisted,Yes
C0078,Vikram Verma,23,Male,Gurugram,BCA,BCA,Computer Applications,2024,2,2,Junior,Junior Machine Learning Engineer,"Python, Machine Learning, Docker, AWS, JavaScript",Google Advanced Data Analytics,Software Development,Machine Learning Engineer,IT Services and IT Consulting,Gurugram,Hybrid,60 days,5.4,Applied,Shortlisted,Yes
C0079,Meera Menon,34,Other,Gurugram,MCA,MCA,Information Technology,2018,6,5,Mid Level,QA Engineer,"Selenium, Java, Python, Git",Selenium Automation Certification,"Technology, Information and Internet",QA Engineer,Software Development,Mumbai,On-site,15 days,12.5,Applied,Shortlisted,Yes
C0080,Meera Gupta,26,Other,Delhi,B.Sc,B.Sc,Computer Science,2019,2,1,Junior,Junior Data Scientist,"Python, SQL, Machine Learning, Spark, Kubernetes",Google Advanced Data Analytics,Business Consulting and Services,Data Scientist,"Technology, Information and Internet",Gurugram,Hybrid,30 days,4.9,Applied,Shortlisted,Yes
C0081,Ananya Rao,26,Other,Chennai,MCA,MCA,Information Technology,2022,4,4,Mid Level,QA Engineer,"Selenium, Java, Python, Git",Selenium Automation Certification,Software Development,QA Engineer,IT Services and IT Consulting,Gurugram,Remote,90 days,5.5,Applied,Shortlisted,Yes
C0082,Aditya Patel,27,Female,Noida,MCA,MCA,Computer Applications,2022,3,3,Junior,Junior Software Developer,"Java, JavaScript, Git, SQL",SQL Certification,Software Development,Software Developer,IT Services and IT Consulting,Delhi,On-site,90 days,4.7,Applied,Shortlisted,Yes
C0083,Arjun Das,29,Other,Gurugram,M.Sc,M.Sc,Information Technology,2025,1,1,Junior,Junior Backend Developer,"Java, Python, SQL, Git",Java Certification,Software Development,Backend Developer,IT Services and IT Consulting,Hyderabad,Hybrid,90 days,2.5,Applied,Shortlisted,Yes
C0084,Aarav Patel,27,Male,Noida,B.E.,B.E.,Electronics,2021,0,0,Entry Level,Graduate / Trainee,"SQL, JavaScript, Spark, Node.js",None,IT Services and IT Consulting,Salesforce Developer,Software Development,Bengaluru,On-site,15 days,2.5,Applied,Shortlisted,Yes
C0085,Vikram Singh,32,Other,Hyderabad,MCA,MCA,Computer Applications,2019,4,3,Mid Level,Data Engineer,"Python, SQL, Spark, AWS, Docker, Azure",SQL Certification,Financial Services,Data Engineer,Software Development,Hyderabad,On-site,Immediate,6.1,Applied,Shortlisted,Yes
C0086,Kavya Patel,26,Female,Chennai,B.E.,B.E.,Information Technology,2017,5,4,Mid Level,Database Engineer,"SQL, Python, Spark, Machine Learning, JavaScript",Google Advanced Data Analytics,Business Consulting and Services,Database Engineer,IT Services and IT Consulting,Hyderabad,On-site,60 days,10.5,Applied,Shortlisted,Yes
C0087,Aisha Rao,21,Female,Gurugram,M.Sc,M.Sc,Computer Science,2025,0,0,Entry Level,Graduate / Trainee,"Java, JavaScript, Git, SQL, Excel",SQL Certification,Financial Services,Software Engineer,"Technology, Information and Internet",Delhi,Hybrid,90 days,2.9,Applied,Shortlisted,Yes
C0088,Rohan Reddy,25,Other,Chennai,M.Tech,M.Tech,Data Science,2015,1,1,Junior,Junior IT Business Analyst,"SQL, Excel",SQL Certification,Business Consulting and Services,IT Business Analyst,Software Development,Gurugram,Hybrid,90 days,5.9,Applied,Shortlisted,Yes
C0089,Rahul Reddy,24,Other,Bengaluru,M.Sc,M.Sc,Information Technology,2022,1,1,Junior,Junior AI Engineer,"Python, Artificial Intelligence, Machine Learning, AWS",Machine Learning Certificate,IT Services and IT Consulting,AI Engineer,"Technology, Information and Internet",Bengaluru,On-site,30 days,4.2,Applied,Shortlisted,Yes
C0090,Aisha Reddy,30,Female,Mumbai,M.Sc,M.Sc,Computer Science,2016,8,8,Senior / Lead,Senior Data Analyst,"Python, SQL, Excel, Power BI, Tableau",Microsoft Power BI,"Technology, Information and Internet",Data Analyst,Software Development,Delhi,Remote,15 days,11.4,Applied,Shortlisted,Yes
C0091,Vikram Joshi,35,Female,Pune,B.E.,B.E.,Computer Science,2025,12,12,Senior / Lead,Senior Data Analyst,"Python, SQL, Excel, Power BI, Tableau",None,Business Consulting and Services,Data Analyst,"Technology, Information and Internet",Gurugram,Hybrid,90 days,15.8,Applied,Shortlisted,Yes
C0092,Vikram Joshi,30,Male,Bengaluru,BCA,BCA,Information Technology,2017,2,1,Junior,Junior IT Support Engineer,"SQL, Git, Python, Machine Learning",None,Software Development,IT Support Engineer,"Technology, Information and Internet",Mumbai,On-site,30 days,6.8,Applied,Shortlisted,Yes
C0093,Rohan Singh,26,Other,Hyderabad,M.Sc,M.Sc,Information Technology,2020,2,2,Junior,Junior IT Business Analyst,"SQL, Excel, Power BI",Google Data Analytics,IT Services and IT Consulting,IT Business Analyst,"Technology, Information and Internet",Hyderabad,Remote,30 days,5.4,Applied,Shortlisted,Yes
C0094,Priya Iyer,27,Male,Mumbai,BCA,BCA,Computer Applications,2021,5,4,Mid Level,QA Engineer,"Selenium, Java, Python, Git, Azure",Microsoft Azure Fundamentals,Software Development,QA Engineer,Software Development,Hyderabad,On-site,60 days,9.4,Applied,Shortlisted,Yes
C0095,Sanjay Pillai,27,Male,Chennai,B.Tech,B.Tech,Computer Science,2017,1,0,Junior,Junior Salesforce Developer,"SQL, JavaScript",None,IT Services and IT Consulting,Salesforce Developer,Software Development,Delhi,On-site,Immediate,2.5,Applied,Shortlisted,Yes
C0096,Ishaan Bose,26,Female,Chennai,BCA,BCA,Computer Applications,2025,3,3,Mid Level,Business Intelligence Analyst,"SQL, Power BI",SQL Certification,IT Services and IT Consulting,Business Intelligence Analyst,Software Development,Gurugram,Hybrid,30 days,5.3,Applied,Shortlisted,Yes
C0097,Priya Iyer,25,Female,Noida,B.Tech,B.Tech,Computer Science,2014,3,3,Mid Level,Software Engineer,"Java, JavaScript, Git",Java Certification,Financial Services,Software Engineer,IT Services and IT Consulting,Chennai,Hybrid,15 days,8.7,Applied,Shortlisted,Yes
C0098,Ananya Sharma,27,Male,Delhi,M.Sc,M.Sc,Data Science,2014,1,1,Entry Level,Graduate / Trainee,"Python, SQL, Git, GCP",SQL Certification,"Technology, Information and Internet",Cybersecurity Analyst,"Technology, Information and Internet",Mumbai,Hybrid,15 days,5.0,Applied,Shortlisted,Yes
C0099,Sanjay Verma,23,Female,Noida,MCA,MCA,Computer Applications,2014,1,0,Junior,Junior IT Business Analyst,"SQL, Excel, Power BI, Hadoop",Microsoft Power BI,Business Consulting and Services,IT Business Analyst,IT Services and IT Consulting,Mumbai,On-site,15 days,4.6,Applied,Shortlisted,Yes
C0100,Aisha Singh,26,Male,Gurugram,BCA,BCA,Information Technology,2025,1,1,Junior,Junior SAP Consultant,"SQL, Java",None,"Technology, Information and Internet",SAP Consultant,IT Services and IT Consulting,Mumbai,Hybrid,15 days,2.7,Applied,Shortlisted,Yes
C0101,Sanjay Rao,26,Male,Pune,M.Sc,M.Sc,Computer Science,2025,3,2,Mid Level,Salesforce Developer,"SQL, JavaScript",SQL Certification,"Technology, Information and Internet",Salesforce Developer,"Technology, Information and Internet",Hyderabad,Hybrid,15 days,6.4,Applied,Shortlisted,Yes
C0102,Pooja Menon,28,Other,Chennai,B.E.,B.E.,Computer Science,2016,3,3,Junior,Junior Data Engineer,"Python, SQL, Spark, AWS, Docker, Hadoop",None,"Technology, Information and Internet",Data Engineer,"Technology, Information and Internet",Gurugram,On-site,60 days,7.3,Applied,Shortlisted,Yes
C0103,Diya Rao,29,Male,Gurugram,M.Sc,M.Sc,Computer Science,2022,6,5,Mid Level,IT Support Engineer,"SQL, Git, React, Machine Learning",SQL Certification,"Technology, Information and Internet",IT Support Engineer,IT Services and IT Consulting,Noida,Remote,90 days,10.7,Applied,Shortlisted,Yes
C0104,Arjun Gupta,32,Other,Mumbai,B.Sc,B.Sc,Computer Science,2015,11,10,Senior / Lead,Senior Data Engineer,"Python, SQL, Spark, AWS, Docker",AWS Certified Cloud Practitioner,"Technology, Information and Internet",Data Engineer,IT Services and IT Consulting,Gurugram,On-site,30 days,17.7,Applied,Shortlisted,Yes
C0105,Vikram Sharma,21,Male,Delhi,B.Tech,B.Tech,Information Technology,2020,0,0,Entry Level,Graduate / Trainee,"SQL, Java",Java Certification,Financial Services,SAP Consultant,"Technology, Information and Internet",Noida,Hybrid,30 days,4.5,Applied,Shortlisted,Yes
C0106,Arjun Rao,29,Female,Delhi,BCA,BCA,Computer Applications,2022,1,0,Entry Level,Graduate / Trainee,"Python, SQL, Spark, AWS, Docker, Tableau, Power BI",Microsoft Power BI,IT Services and IT Consulting,Data Engineer,IT Services and IT Consulting,Bengaluru,On-site,60 days,4.5,Applied,Shortlisted,Yes
C0107,Sanjay Patel,28,Female,Noida,M.Sc,M.Sc,Information Technology,2022,3,2,Junior,Junior Backend Developer,"Java, Python, SQL",SQL Certification,IT Services and IT Consulting,Backend Developer,IT Services and IT Consulting,Bengaluru,On-site,60 days,6.6,Applied,Shortlisted,Yes
C0108,Ishaan Menon,21,Male,Pune,B.E.,B.E.,Electronics,2017,0,0,Entry Level,Graduate / Trainee,"Selenium, Java, Python, Git, SQL",SQL Certification,Financial Services,QA Engineer,IT Services and IT Consulting,Noida,Remote,Immediate,2.5,Applied,Shortlisted,Yes
C0109,Ishaan Das,26,Male,Bengaluru,BCA,BCA,Computer Applications,2020,1,0,Junior,Junior QA Engineer,"Selenium, Java, Python, Git",Selenium Automation Certification,"Technology, Information and Internet",QA Engineer,IT Services and IT Consulting,Noida,Hybrid,30 days,5.8,Applied,Shortlisted,Yes
C0110,Arjun Gupta,27,Female,Pune,B.Tech,B.Tech,Artificial Intelligence,2025,1,1,Entry Level,Graduate / Trainee,"JavaScript, React, Git, AWS",AWS Certified Cloud Practitioner,Business Consulting and Services,Frontend Developer,Software Development,Bengaluru,Remote,Immediate,5.6,Applied,Shortlisted,Yes
C0111,Aarav Pillai,28,Other,Mumbai,MCA,MCA,Information Technology,2014,0,0,Entry Level,Graduate / Trainee,"Python, SQL, Machine Learning, Spark",Machine Learning Certificate,Software Development,Data Scientist,Software Development,Delhi,Hybrid,90 days,3.0,Applied,Shortlisted,Yes
C0112,Ishaan Das,29,Other,Mumbai,B.Tech,B.Tech,Artificial Intelligence,2021,6,5,Senior / Lead,Senior Cloud Engineer,"AWS, Azure, Docker, Kubernetes, Hadoop",None,Business Consulting and Services,Cloud Engineer,IT Services and IT Consulting,Delhi,On-site,60 days,9.8,Applied,Shortlisted,Yes
C0113,Aditya Sharma,39,Other,Pune,B.Tech,B.Tech,Information Technology,2015,11,11,Senior / Lead,Senior Full Stack Developer,"JavaScript, React, Node.js, Git, Java, Excel",None,Business Consulting and Services,Full Stack Developer,"Technology, Information and Internet",Delhi,On-site,90 days,17.3,Applied,Shortlisted,Yes
C0114,Arjun Iyer,24,Female,Gurugram,MCA,MCA,Computer Applications,2024,1,1,Junior,Junior IT Business Analyst,"SQL, Excel, Power BI, Kubernetes, Hadoop",SQL Certification,Software Development,IT Business Analyst,"Technology, Information and Internet",Delhi,Remote,Immediate,7.9,Applied,Shortlisted,Yes
C0115,Ishaan Joshi,34,Other,Mumbai,B.E.,B.E.,Information Technology,2022,6,6,Mid Level,Frontend Developer,"JavaScript, React, Git",None,Software Development,Frontend Developer,Software Development,Gurugram,Remote,15 days,9.8,Applied,Shortlisted,Yes
C0116,Priya Iyer,32,Other,Delhi,M.Sc,M.Sc,Data Science,2016,10,10,Senior / Lead,Senior AI Engineer,"Python, Artificial Intelligence, Machine Learning, AWS, Git, Node.js",None,IT Services and IT Consulting,AI Engineer,IT Services and IT Consulting,Hyderabad,Hybrid,60 days,15.0,Applied,Shortlisted,Yes
C0117,Vikram Patel,24,Male,Hyderabad,MCA,MCA,Computer Applications,2023,3,3,Mid Level,SAP Consultant,"SQL, Java",SQL Certification,Business Consulting and Services,SAP Consultant,Software Development,Gurugram,Remote,15 days,10.3,Applied,Shortlisted,Yes
C0118,Vikram Joshi,28,Male,Noida,MCA,MCA,Information Technology,2014,6,5,Mid Level,Cloud Engineer,"AWS, Azure",None,IT Services and IT Consulting,Cloud Engineer,"Technology, Information and Internet",Pune,Remote,15 days,9.7,Applied,Shortlisted,Yes
C0119,Neha Rao,37,Male,Pune,B.E.,B.E.,Computer Science,2019,9,8,Senior / Lead,Senior Data Scientist,"Python, SQL",None,Business Consulting and Services,Data Scientist,IT Services and IT Consulting,Chennai,On-site,30 days,12.4,Applied,Shortlisted,Yes
C0120,Nisha Pillai,23,Other,Gurugram,MCA,MCA,Information Technology,2016,1,1,Entry Level,Graduate / Trainee,"Python, SQL, Machine Learning",None,Financial Services,Data Scientist,IT Services and IT Consulting,Gurugram,Hybrid,Immediate,2.5,Applied,Shortlisted,Yes
C0121,Ishaan Gupta,25,Other,Gurugram,M.Tech,M.Tech,Data Science,2024,2,2,Junior,Junior IT Support Engineer,"SQL, Git",SQL Certification,Financial Services,IT Support Engineer,IT Services and IT Consulting,Delhi,Hybrid,90 days,5.0,Applied,Shortlisted,Yes
C0122,Neha Das,29,Male,Pune,B.Sc,B.Sc,Data Science,2025,3,2,Junior,Junior Data Scientist,"Python, SQL, Machine Learning, Spark, Excel",Machine Learning Certificate,"Technology, Information and Internet",Data Scientist,IT Services and IT Consulting,Mumbai,Hybrid,30 days,3.3,Applied,Shortlisted,Yes
C0123,Aisha Rao,28,Other,Pune,MCA,MCA,Information Technology,2016,5,5,Mid Level,Data Analyst,"Python, SQL, Excel, Power BI, Tableau",Google Data Analytics,Financial Services,Data Analyst,"Technology, Information and Internet",Delhi,Hybrid,15 days,10.0,Applied,Shortlisted,Yes
C0124,Vikram Iyer,28,Other,Chennai,B.Sc,B.Sc,Computer Science,2021,1,1,Entry Level,Graduate / Trainee,"AWS, Azure, Docker, Kubernetes, JavaScript",AWS Certified Cloud Practitioner,IT Services and IT Consulting,Cloud Engineer,IT Services and IT Consulting,Gurugram,Hybrid,30 days,4.4,Applied,Shortlisted,Yes
C0125,Rohan Sharma,28,Other,Delhi,M.Sc,M.Sc,Information Technology,2016,1,0,Entry Level,Graduate / Trainee,"SQL, Power BI, Excel, Tableau, Azure",Microsoft Azure Fundamentals,Software Development,Business Intelligence Analyst,Software Development,Chennai,Hybrid,15 days,3.1,Applied,Shortlisted,Yes
C0126,Pooja Pillai,27,Other,Hyderabad,M.Tech,M.Tech,Artificial Intelligence,2021,1,1,Entry Level,Graduate / Trainee,"JavaScript, React",None,Financial Services,Frontend Developer,IT Services and IT Consulting,Hyderabad,On-site,Immediate,4.8,Applied,Shortlisted,Yes
C0127,Diya Singh,35,Other,Mumbai,B.Tech,B.Tech,Artificial Intelligence,2018,12,11,Senior / Lead,Senior QA Engineer,"Selenium, Java, Python, Git",Java Certification,Financial Services,QA Engineer,Software Development,Mumbai,Hybrid,90 days,16.5,Applied,Shortlisted,Yes
C0128,Pooja Patel,31,Other,Pune,B.E.,B.E.,Electronics,2019,4,3,Mid Level,Full Stack Developer,"JavaScript, React, Node.js, Git, Artificial Intelligence, Excel",None,Financial Services,Full Stack Developer,"Technology, Information and Internet",Noida,On-site,Immediate,10.8,Applied,Shortlisted,Yes
C0129,Kiran Verma,25,Other,Hyderabad,MCA,MCA,Information Technology,2022,3,2,Junior,Junior Machine Learning Engineer,"Python, Machine Learning, Docker, AWS, Hadoop",AWS Certified Cloud Practitioner,"Technology, Information and Internet",Machine Learning Engineer,"Technology, Information and Internet",Mumbai,On-site,60 days,8.0,Applied,Shortlisted,Yes
C0130,Varun Menon,27,Female,Noida,B.Tech,B.Tech,Information Technology,2016,3,2,Junior,Junior SAP Consultant,"SQL, Java",SQL Certification,Financial Services,SAP Consultant,"Technology, Information and Internet",Gurugram,Hybrid,30 days,7.2,Applied,Shortlisted,Yes
C0131,Kavya Pillai,25,Other,Chennai,M.Tech,M.Tech,Artificial Intelligence,2018,0,0,Entry Level,Graduate / Trainee,"JavaScript, React, Git",None,Financial Services,Frontend Developer,Software Development,Bengaluru,On-site,Immediate,3.5,Applied,Shortlisted,Yes
C0132,Arjun Rao,28,Male,Bengaluru,B.E.,B.E.,Information Technology,2024,3,2,Mid Level,SAP Consultant,"SQL, Java",Java Certification,Business Consulting and Services,SAP Consultant,"Technology, Information and Internet",Hyderabad,Hybrid,30 days,6.6,Applied,Shortlisted,Yes
C0133,Ishaan Joshi,28,Female,Mumbai,B.Tech,B.Tech,Information Technology,2014,1,0,Entry Level,Graduate / Trainee,"Python, Artificial Intelligence, Machine Learning, AWS, Git",Google Advanced Data Analytics,Software Development,AI Engineer,Software Development,Noida,Remote,60 days,2.6,Applied,Shortlisted,Yes
C0134,Rohan Rao,27,Female,Delhi,BCA,BCA,Information Technology,2016,1,1,Entry Level,Graduate / Trainee,"SQL, Excel, Power BI",None,"Technology, Information and Internet",IT Business Analyst,"Technology, Information and Internet",Chennai,On-site,15 days,4.2,Applied,Shortlisted,Yes
C0135,Varun Iyer,24,Male,Noida,BCA,BCA,Computer Applications,2025,0,0,Entry Level,Graduate / Trainee,"Python, SQL, Git, GCP, Azure",SQL Certification,IT Services and IT Consulting,Cybersecurity Analyst,Software Development,Hyderabad,Hybrid,90 days,5.6,Applied,Shortlisted,Yes
C0136,Priya Menon,28,Male,Noida,B.E.,B.E.,Computer Science,2022,5,4,Mid Level,AI Engineer,"Python, Artificial Intelligence, Machine Learning, AWS, Azure, Kubernetes",AWS Certified Cloud Practitioner,Software Development,AI Engineer,Software Development,Delhi,On-site,Immediate,8.4,Applied,Shortlisted,Yes
C0137,Sneha Menon,22,Other,Chennai,M.Sc,M.Sc,Information Technology,2019,1,1,Entry Level,Graduate / Trainee,"Python, SQL, Spark, AWS",SQL Certification,IT Services and IT Consulting,Data Engineer,IT Services and IT Consulting,Mumbai,On-site,Immediate,3.0,Applied,Shortlisted,Yes
C0138,Ishaan Gupta,30,Female,Gurugram,MCA,MCA,Information Technology,2017,4,3,Mid Level,Full Stack Developer,"JavaScript, React, Node.js, Git, Azure, Java",Microsoft Azure Fundamentals,Financial Services,Full Stack Developer,"Technology, Information and Internet",Noida,Remote,90 days,8.3,Applied,Shortlisted,Yes
C0139,Neha Joshi,28,Female,Gurugram,MCA,MCA,Information Technology,2022,3,3,Junior,Junior Full Stack Developer,"JavaScript, React",None,Financial Services,Full Stack Developer,Software Development,Gurugram,On-site,60 days,6.2,Applied,Not Shortlisted,Yes
C0140,Diya Sharma,28,Male,Hyderabad,B.Tech,B.Tech,Information Technology,2015,4,3,Mid Level,Data Analyst,"Python, SQL, Excel, Power BI",None,Financial Services,Data Analyst,IT Services and IT Consulting,Delhi,Hybrid,15 days,9.6,Applied,Shortlisted,Yes
C0141,Kiran Reddy,27,Other,Mumbai,B.E.,B.E.,Computer Science,2017,6,5,Mid Level,Backend Developer,"Java, Python, SQL, Git",Java Certification,Financial Services,Backend Developer,Software Development,Noida,Remote,30 days,10.1,Applied,Shortlisted,Yes
C0142,Priya Gupta,31,Other,Chennai,M.Tech,M.Tech,Computer Science,2014,4,3,Mid Level,AI Engineer,"Python, Artificial Intelligence, Machine Learning, AWS, Excel",AWS Certified Cloud Practitioner,Business Consulting and Services,AI Engineer,"Technology, Information and Internet",Gurugram,Remote,Immediate,8.3,Applied,Shortlisted,Yes
C0143,Vikram Pillai,29,Other,Delhi,MCA,MCA,Information Technology,2025,5,5,Mid Level,Data Analyst,"Python, SQL, Excel, Power BI, Tableau",Microsoft Power BI,"Technology, Information and Internet",Data Analyst,IT Services and IT Consulting,Mumbai,Hybrid,Immediate,9.5,Applied,Shortlisted,Yes
C0144,Priya Menon,30,Female,Mumbai,B.Sc,B.Sc,Computer Science,2019,9,9,Senior / Lead,Senior Software Engineer,"Java, JavaScript, Git, SQL, React, Selenium",None,"Technology, Information and Internet",Software Engineer,IT Services and IT Consulting,Delhi,Remote,60 days,15.5,Applied,Shortlisted,Yes
C0145,Neha Singh,31,Female,Chennai,B.Sc,B.Sc,Computer Science,2016,3,3,Mid Level,Machine Learning Engineer,"Python, Machine Learning, Docker, AWS, Power BI",Google Advanced Data Analytics,IT Services and IT Consulting,Machine Learning Engineer,"Technology, Information and Internet",Bengaluru,On-site,Immediate,7.9,Applied,Shortlisted,Yes
C0146,Meera Verma,25,Female,Bengaluru,M.Sc,M.Sc,Computer Science,2016,4,3,Mid Level,Data Engineer,"Python, SQL, Spark, AWS, Docker, GCP, Machine Learning",SQL Certification,Financial Services,Data Engineer,IT Services and IT Consulting,Noida,Remote,90 days,6.8,Applied,Shortlisted,Yes
C0147,Priya Patel,27,Female,Chennai,BCA,BCA,Information Technology,2023,0,0,Entry Level,Graduate / Trainee,"SQL, JavaScript",None,IT Services and IT Consulting,Salesforce Developer,Software Development,Hyderabad,Hybrid,30 days,2.5,Applied,Shortlisted,Yes
C0148,Sneha Verma,32,Other,Gurugram,MCA,MCA,Computer Applications,2025,6,5,Mid Level,QA Engineer,"Selenium, Java, Python, Git, AWS",Java Certification,IT Services and IT Consulting,QA Engineer,IT Services and IT Consulting,Hyderabad,Hybrid,90 days,10.6,Applied,Shortlisted,Yes
C0149,Neha Verma,28,Other,Mumbai,M.Sc,M.Sc,Information Technology,2021,3,3,Junior,Junior Backend Developer,"Java, Python, SQL, Git, Node.js",SQL Certification,Software Development,Backend Developer,IT Services and IT Consulting,Mumbai,Hybrid,15 days,8.1,Applied,Shortlisted,Yes
C0150,Ananya Patel,26,Male,Pune,M.Sc,M.Sc,Computer Science,2021,1,1,Junior,Junior Cybersecurity Analyst,"Python, SQL, Git",None,Software Development,Cybersecurity Analyst,IT Services and IT Consulting,Pune,Hybrid,Immediate,5.8,Applied,Shortlisted,Yes
C0151,Varun Reddy,31,Male,Hyderabad,M.Tech,M.Tech,Artificial Intelligence,2016,4,3,Mid Level,Software Engineer,"Java, JavaScript, Git, SQL, Kubernetes",Java Certification,IT Services and IT Consulting,Software Engineer,IT Services and IT Consulting,Pune,On-site,15 days,7.0,Applied,Shortlisted,Yes
C0152,Aarav Verma,27,Other,Delhi,B.Sc,B.Sc,Data Science,2024,4,3,Mid Level,Software Engineer,"Java, JavaScript, Git, SQL",SQL Certification,Financial Services,Software Engineer,"Technology, Information and Internet",Noida,Hybrid,60 days,9.0,Applied,Shortlisted,Yes
C0153,Neha Reddy,30,Female,Hyderabad,MCA,MCA,Computer Applications,2015,6,5,Mid Level,Backend Developer,"Java, Python, SQL, Git, JavaScript",None,Software Development,Backend Developer,IT Services and IT Consulting,Delhi,On-site,60 days,9.4,Applied,Shortlisted,Yes
C0154,Aditya Pillai,23,Other,Noida,B.Tech,B.Tech,Computer Science,2025,1,1,Junior,Junior Software Engineer,"Java, JavaScript, Git, SQL, Machine Learning, AWS",SQL Certification,Software Development,Software Engineer,"Technology, Information and Internet",Delhi,Hybrid,30 days,5.2,Applied,Shortlisted,Yes
C0155,Ananya Das,30,Female,Pune,MCA,MCA,Computer Applications,2014,3,3,Junior,Junior Cloud Engineer,"AWS, Azure, Docker, Kubernetes",AWS Certified Cloud Practitioner,Business Consulting and Services,Cloud Engineer,Software Development,Chennai,Hybrid,30 days,6.8,Applied,Shortlisted,Yes
C0156,Aisha Patel,24,Other,Gurugram,BCA,BCA,Information Technology,2022,1,1,Entry Level,Graduate / Trainee,"SQL, Excel, Power BI",SQL Certification,IT Services and IT Consulting,IT Business Analyst,IT Services and IT Consulting,Pune,On-site,Immediate,5.3,Applied,Shortlisted,Yes
C0157,Aarav Verma,37,Female,Pune,M.Tech,M.Tech,Computer Science,2018,9,8,Senior / Lead,Senior Software Developer,"Java, JavaScript, Git, SQL, Excel",Java Certification,"Technology, Information and Internet",Software Developer,Software Development,Chennai,On-site,Immediate,10.5,Applied,Shortlisted,Yes
C0158,Nisha Pillai,33,Male,Noida,B.Tech,B.Tech,Information Technology,2019,6,6,Mid Level,Cybersecurity Analyst,"Python, SQL, Git, Tableau, GCP",SQL Certification,IT Services and IT Consulting,Cybersecurity Analyst,IT Services and IT Consulting,Noida,Remote,90 days,10.1,Applied,Shortlisted,Yes
C0159,Vikram Singh,30,Female,Gurugram,B.Tech,B.Tech,Artificial Intelligence,2017,2,1,Junior,Junior Data Engineer,"Python, SQL, Spark, AWS, Docker",AWS Certified Solutions Architect,Software Development,Data Engineer,Software Development,Hyderabad,Remote,Immediate,6.1,Applied,Shortlisted,Yes
C0160,Ananya Rao,28,Male,Noida,B.Tech,B.Tech,Computer Science,2018,6,5,Mid Level,AI Engineer,"Python, Artificial Intelligence, Machine Learning, AWS",AWS Certified Solutions Architect,Business Consulting and Services,AI Engineer,Software Development,Pune,Hybrid,Immediate,10.1,Applied,Shortlisted,Yes
C0161,Priya Joshi,26,Female,Chennai,M.Sc,M.Sc,Data Science,2024,1,0,Junior,Junior Software Engineer,"Java, JavaScript, Git, SQL, Excel, Tableau",None,Business Consulting and Services,Software Engineer,Software Development,Pune,Hybrid,90 days,6.2,Applied,Shortlisted,Yes
C0162,Kiran Das,30,Male,Chennai,B.E.,B.E.,Electronics,2017,6,6,Mid Level,Frontend Developer,"JavaScript, React, Git, AWS, Hadoop",None,IT Services and IT Consulting,Frontend Developer,"Technology, Information and Internet",Delhi,On-site,90 days,11.0,Applied,Shortlisted,Yes
C0163,Ishaan Verma,27,Male,Hyderabad,B.Sc,B.Sc,Information Technology,2021,6,6,Mid Level,Software Engineer,"Java, JavaScript, Git, SQL, Node.js",None,Business Consulting and Services,Software Engineer,IT Services and IT Consulting,Pune,Hybrid,15 days,12.8,Applied,Shortlisted,Yes
C0164,Meera Nair,24,Female,Mumbai,MCA,MCA,Information Technology,2018,1,1,Entry Level,Graduate / Trainee,"SQL, Power BI, Excel, Tableau",Microsoft Power BI,Software Development,Business Intelligence Analyst,Software Development,Bengaluru,On-site,30 days,3.2,Applied,Shortlisted,Yes
C0165,Pooja Verma,25,Female,Pune,B.E.,B.E.,Computer Science,2025,0,0,Entry Level,Graduate / Trainee,"SQL, Git",None,Business Consulting and Services,IT Support Engineer,"Technology, Information and Internet",Gurugram,Hybrid,Immediate,2.5,Applied,Shortlisted,Yes
C0166,Kiran Menon,29,Female,Delhi,M.Sc,M.Sc,Data Science,2016,6,6,Senior / Lead,Senior Full Stack Developer,"JavaScript, React, Node.js, Git, Tableau",None,"Technology, Information and Internet",Full Stack Developer,Software Development,Mumbai,On-site,30 days,11.1,Applied,Shortlisted,Yes
C0167,Kavya Nair,24,Male,Mumbai,MCA,MCA,Computer Applications,2019,1,0,Entry Level,Graduate / Trainee,"AWS, Docker, Kubernetes, Git, Java, Tableau",None,Software Development,DevOps Engineer,IT Services and IT Consulting,Bengaluru,Hybrid,15 days,2.5,Applied,Shortlisted,Yes
C0168,Rahul Sharma,29,Male,Mumbai,B.Tech,B.Tech,Information Technology,2020,1,0,Junior,Junior Frontend Developer,"JavaScript, React, Git",None,"Technology, Information and Internet",Frontend Developer,"Technology, Information and Internet",Delhi,Hybrid,30 days,5.0,Applied,Shortlisted,Yes
C0169,Meera Gupta,22,Male,Noida,M.Tech,M.Tech,Data Science,2014,1,0,Entry Level,Graduate / Trainee,"Python, SQL",None,IT Services and IT Consulting,Data Analyst,Software Development,Noida,Remote,90 days,5.0,Applied,Not Shortlisted,Yes
C0170,Meera Bose,24,Other,Chennai,M.Sc,M.Sc,Information Technology,2020,3,3,Mid Level,SAP Consultant,"SQL, Java",None,"Technology, Information and Internet",SAP Consultant,Software Development,Delhi,Hybrid,Immediate,4.7,Applied,Shortlisted,Yes
C0171,Varun Bose,23,Female,Mumbai,M.Sc,M.Sc,Computer Science,2016,2,1,Junior,Junior Frontend Developer,"JavaScript, React, Git, Artificial Intelligence",None,IT Services and IT Consulting,Frontend Developer,Software Development,Gurugram,Remote,60 days,5.3,Applied,Shortlisted,Yes
C0172,Rahul Kumar,28,Other,Noida,MCA,MCA,Information Technology,2021,5,4,Mid Level,Frontend Developer,"JavaScript, React, Git, Azure, Python",Microsoft Azure Fundamentals,"Technology, Information and Internet",Frontend Developer,"Technology, Information and Internet",Bengaluru,On-site,Immediate,7.7,Applied,Shortlisted,Yes
C0173,Ananya Kumar,31,Female,Hyderabad,M.Tech,M.Tech,Artificial Intelligence,2019,3,3,Junior,Junior Data Scientist,"Python, SQL, Machine Learning",None,Business Consulting and Services,Data Scientist,Software Development,Chennai,Remote,90 days,6.8,Applied,Shortlisted,Yes
C0174,Ishaan Bose,33,Male,Noida,MCA,MCA,Computer Applications,2023,7,6,Senior / Lead,Senior AI Engineer,"Python, Artificial Intelligence, Machine Learning, AWS",None,Financial Services,AI Engineer,Software Development,Mumbai,Hybrid,15 days,10.2,Applied,Shortlisted,Yes
C0175,Aisha Menon,32,Female,Pune,M.Sc,M.Sc,Information Technology,2019,6,6,Mid Level,Full Stack Developer,"JavaScript, React, Node.js, Git, GCP",None,Financial Services,Full Stack Developer,Software Development,Pune,Hybrid,15 days,8.9,Applied,Shortlisted,Yes
C0176,Kiran Nair,23,Other,Mumbai,B.E.,B.E.,Information Technology,2014,1,1,Entry Level,Graduate / Trainee,"Python, Artificial Intelligence, Machine Learning, AWS, Docker",Machine Learning Certificate,Software Development,AI Engineer,IT Services and IT Consulting,Noida,On-site,Immediate,4.9,Applied,Shortlisted,Yes
C0177,Ananya Rao,27,Male,Bengaluru,M.Tech,M.Tech,Data Science,2022,4,4,Mid Level,Database Engineer,"SQL, Python, Spark",SQL Certification,Software Development,Database Engineer,IT Services and IT Consulting,Pune,On-site,60 days,7.0,Applied,Shortlisted,Yes
C0178,Aarav Rao,31,Male,Noida,B.Tech,B.Tech,Information Technology,2024,5,5,Mid Level,Cybersecurity Analyst,"Python, SQL, Git, Machine Learning, Hadoop",Google Advanced Data Analytics,IT Services and IT Consulting,Cybersecurity Analyst,IT Services and IT Consulting,Mumbai,Hybrid,60 days,10.5,Applied,Shortlisted,Yes
C0179,Vikram Joshi,34,Male,Hyderabad,B.E.,B.E.,Electronics,2024,6,5,Mid Level,SAP Consultant,"SQL, Java",None,"Technology, Information and Internet",SAP Consultant,"Technology, Information and Internet",Hyderabad,Hybrid,60 days,11.5,Applied,Shortlisted,Yes
C0180,Ishaan Gupta,29,Male,Bengaluru,B.E.,B.E.,Computer Science,2018,3,2,Mid Level,Cybersecurity Analyst,"Python, SQL, Git, Selenium, React",Selenium Automation Certification,IT Services and IT Consulting,Cybersecurity Analyst,"Technology, Information and Internet",Delhi,Hybrid,Immediate,7.6,Applied,Shortlisted,Yes
C0181,Aisha Sharma,27,Other,Pune,B.Sc,B.Sc,Information Technology,2017,3,2,Mid Level,Business Intelligence Analyst,"SQL, Power BI, Excel, Tableau, Selenium, GCP",Selenium Automation Certification,IT Services and IT Consulting,Business Intelligence Analyst,Software Development,Pune,On-site,15 days,8.7,Applied,Shortlisted,Yes
C0182,Aarav Kumar,28,Other,Gurugram,M.Sc,M.Sc,Information Technology,2020,3,2,Junior,Junior Software Developer,"Java, JavaScript, Git, SQL, Artificial Intelligence, React",SQL Certification,Financial Services,Software Developer,IT Services and IT Consulting,Mumbai,Remote,15 days,8.3,Applied,Shortlisted,Yes
C0183,Diya Gupta,27,Male,Pune,B.Sc,B.Sc,Information Technology,2021,2,1,Junior,Junior SAP Consultant,"SQL, Java, Excel",SQL Certification,Software Development,SAP Consultant,Software Development,Noida,On-site,30 days,5.1,Applied,Shortlisted,Yes
C0184,Rohan Iyer,23,Male,Mumbai,MCA,MCA,Computer Applications,2024,1,1,Entry Level,Graduate / Trainee,"JavaScript, React, Node.js, Git",None,Business Consulting and Services,Full Stack Developer,Software Development,Hyderabad,On-site,Immediate,3.2,Applied,Shortlisted,Yes
C0185,Sneha Patel,40,Female,Chennai,B.Sc,B.Sc,Information Technology,2014,12,12,Senior / Lead,Senior Frontend Developer,"JavaScript, React, Git",None,Business Consulting and Services,Frontend Developer,Software Development,Gurugram,Hybrid,30 days,17.7,Applied,Shortlisted,Yes
C0186,Neha Patel,29,Female,Gurugram,B.Sc,B.Sc,Computer Science,2014,2,1,Junior,Junior Database Engineer,"SQL, Python, Spark",SQL Certification,"Technology, Information and Internet",Database Engineer,"Technology, Information and Internet",Pune,Hybrid,15 days,5.5,Applied,Shortlisted,Yes
C0187,Neha Rao,26,Male,Pune,B.Sc,B.Sc,Data Science,2015,3,2,Mid Level,Backend Developer,"Java, Python, SQL, Git, Power BI",Microsoft Power BI,"Technology, Information and Internet",Backend Developer,Software Development,Bengaluru,On-site,15 days,4.5,Applied,Shortlisted,Yes
C0188,Rahul Nair,30,Other,Delhi,B.Tech,B.Tech,Artificial Intelligence,2024,6,6,Mid Level,DevOps Engineer,"AWS, Docker, Kubernetes, Git, SQL, Power BI",AWS Certified Cloud Practitioner,Software Development,DevOps Engineer,IT Services and IT Consulting,Noida,Hybrid,30 days,11.9,Applied,Shortlisted,Yes
C0189,Arjun Das,24,Female,Delhi,M.Sc,M.Sc,Data Science,2020,1,0,Entry Level,Graduate / Trainee,"Java, Python, SQL, Git, React, Docker",SQL Certification,Software Development,Backend Developer,IT Services and IT Consulting,Bengaluru,Remote,90 days,6.5,Applied,Shortlisted,Yes
C0190,Ishaan Rao,25,Male,Noida,M.Sc,M.Sc,Data Science,2018,2,2,Junior,Junior SAP Consultant,"SQL, Java",None,"Technology, Information and Internet",SAP Consultant,IT Services and IT Consulting,Bengaluru,On-site,30 days,4.5,Applied,Shortlisted,Yes
C0191,Kavya Pillai,37,Other,Mumbai,B.Tech,B.Tech,Information Technology,2016,12,12,Senior / Lead,Senior Software Developer,"Java, JavaScript, Git, SQL",Java Certification,Business Consulting and Services,Software Developer,"Technology, Information and Internet",Delhi,Hybrid,30 days,18.2,Applied,Shortlisted,Yes
C0192,Arjun Menon,32,Female,Delhi,MCA,MCA,Information Technology,2022,6,5,Mid Level,Cybersecurity Analyst,"Python, SQL, Git",SQL Certification,Business Consulting and Services,Cybersecurity Analyst,IT Services and IT Consulting,Mumbai,Hybrid,60 days,9.9,Applied,Shortlisted,Yes
C0193,Neha Reddy,33,Male,Mumbai,M.Sc,M.Sc,Data Science,2025,6,6,Senior / Lead,Senior Database Engineer,"SQL, Python, Spark, Machine Learning, GCP",Machine Learning Certificate,Business Consulting and Services,Database Engineer,Software Development,Chennai,Hybrid,90 days,9.5,Applied,Shortlisted,Yes
C0194,Sneha Patel,34,Other,Noida,M.Sc,M.Sc,Information Technology,2024,6,5,Mid Level,Software Engineer,"Java, JavaScript, Git, SQL, Selenium",Selenium Automation Certification,IT Services and IT Consulting,Software Engineer,"Technology, Information and Internet",Bengaluru,Remote,30 days,11.8,Applied,Shortlisted,Yes
C0195,Aditya Bose,31,Male,Pune,M.Tech,M.Tech,Artificial Intelligence,2016,9,8,Senior / Lead,Senior Frontend Developer,"JavaScript, React",None,IT Services and IT Consulting,Frontend Developer,"Technology, Information and Internet",Pune,Hybrid,Immediate,14.9,Applied,Shortlisted,Yes
C0196,Aditya Pillai,37,Other,Pune,M.Sc,M.Sc,Data Science,2021,9,9,Senior / Lead,Senior Data Analyst,"Python, SQL, Excel, Power BI, Tableau, JavaScript",None,Business Consulting and Services,Data Analyst,"Technology, Information and Internet",Pune,Hybrid,90 days,12.3,Applied,Shortlisted,Yes
C0197,Priya Pillai,29,Female,Pune,M.Sc,M.Sc,Data Science,2021,6,6,Mid Level,SAP Consultant,"SQL, Java",Java Certification,Financial Services,SAP Consultant,IT Services and IT Consulting,Delhi,Remote,90 days,10.8,Applied,Shortlisted,Yes
C0198,Ishaan Rao,26,Male,Bengaluru,BCA,BCA,Information Technology,2016,3,2,Junior,Junior Software Developer,"Java, JavaScript, Git, SQL",None,Software Development,Software Developer,"Technology, Information and Internet",Gurugram,On-site,Immediate,6.7,Applied,Shortlisted,Yes
C0199,Pooja Kumar,27,Male,Mumbai,B.Sc,B.Sc,Information Technology,2020,0,0,Entry Level,Graduate / Trainee,"AWS, Docker, Kubernetes",AWS Certified Solutions Architect,IT Services and IT Consulting,DevOps Engineer,Software Development,Delhi,Hybrid,Immediate,2.5,Applied,Shortlisted,Yes
C0200,Varun Menon,29,Female,Gurugram,B.Tech,B.Tech,Information Technology,2025,6,6,Mid Level,Salesforce Developer,"SQL, JavaScript, Kubernetes, Machine Learning",SQL Certification,IT Services and IT Consulting,Salesforce Developer,IT Services and IT Consulting,Mumbai,Hybrid,30 days,10.2,Applied,Shortlisted,Yes
C0201,Ishaan Gupta,30,Female,Delhi,B.E.,B.E.,Computer Science,2023,5,5,Mid Level,IT Support Engineer,"SQL, Git, AWS, Azure",AWS Certified Cloud Practitioner,IT Services and IT Consulting,IT Support Engineer,"Technology, Information and Internet",Gurugram,Hybrid,Immediate,11.4,Applied,Shortlisted,Yes
C0202,Neha Pillai,26,Other,Gurugram,MCA,MCA,Information Technology,2014,3,3,Mid Level,AI Engineer,"Python, Artificial Intelligence, Machine Learning, AWS, Hadoop, JavaScript",Machine Learning Certificate,"Technology, Information and Internet",AI Engineer,IT Services and IT Consulting,Hyderabad,On-site,15 days,4.6,Applied,Shortlisted,Yes
C0203,Vikram Reddy,30,Male,Mumbai,B.Sc,B.Sc,Computer Science,2024,6,6,Mid Level,SAP Consultant,"SQL, Java",Java Certification,IT Services and IT Consulting,SAP Consultant,IT Services and IT Consulting,Hyderabad,Remote,Immediate,9.2,Applied,Shortlisted,Yes
C0204,Kiran Das,25,Male,Gurugram,B.Tech,B.Tech,Information Technology,2023,0,0,Entry Level,Graduate / Trainee,"Python, SQL, Machine Learning, Spark, Power BI",Google Data Analytics,IT Services and IT Consulting,Data Scientist,IT Services and IT Consulting,Hyderabad,Remote,30 days,3.9,Applied,Shortlisted,Yes
C0205,Ishaan Menon,28,Male,Pune,MCA,MCA,Computer Applications,2014,5,4,Mid Level,Business Intelligence Analyst,"SQL, Power BI, Excel, Tableau",SQL Certification,Financial Services,Business Intelligence Analyst,IT Services and IT Consulting,Hyderabad,On-site,30 days,8.7,Applied,Shortlisted,Yes
C0206,Meera Kumar,29,Male,Gurugram,B.Sc,B.Sc,Computer Science,2022,1,0,Entry Level,Graduate / Trainee,"JavaScript, React, Node.js, Git",None,Software Development,Full Stack Developer,"Technology, Information and Internet",Pune,Remote,90 days,4.2,Applied,Shortlisted,Yes
C0207,Varun Patel,26,Other,Mumbai,BCA,BCA,Information Technology,2020,3,3,Mid Level,Data Engineer,"Python, SQL, Spark, AWS, Docker, Java",None,"Technology, Information and Internet",Data Engineer,IT Services and IT Consulting,Delhi,Hybrid,60 days,5.8,Applied,Shortlisted,Yes
C0208,Ishaan Verma,35,Male,Pune,BCA,BCA,Information Technology,2017,12,12,Senior / Lead,Senior Software Developer,"Java, JavaScript",Java Certification,Software Development,Software Developer,IT Services and IT Consulting,Chennai,On-site,90 days,19.7,Applied,Shortlisted,Yes
C0209,Neha Joshi,23,Male,Pune,B.Tech,B.Tech,Computer Science,2018,2,2,Junior,Junior Data Engineer,"Python, SQL, Spark, AWS, Docker",None,Financial Services,Data Engineer,"Technology, Information and Internet",Chennai,Hybrid,60 days,5.6,Applied,Shortlisted,Yes
C0210,Priya Joshi,34,Male,Bengaluru,B.Tech,B.Tech,Artificial Intelligence,2015,6,6,Senior / Lead,Senior Business Intelligence Analyst,"SQL, Power BI",Microsoft Power BI,Financial Services,Business Intelligence Analyst,Software Development,Noida,Remote,Immediate,9.4,Applied,Shortlisted,Yes
C0211,Aarav Bose,38,Male,Gurugram,MCA,MCA,Information Technology,2018,11,11,Senior / Lead,Senior Machine Learning Engineer,"Python, Machine Learning, Docker",Machine Learning Certificate,IT Services and IT Consulting,Machine Learning Engineer,IT Services and IT Consulting,Gurugram,On-site,Immediate,18.2,Applied,Shortlisted,Yes
C0212,Aarav Patel,23,Other,Hyderabad,MCA,MCA,Computer Applications,2025,0,0,Entry Level,Graduate / Trainee,"AWS, Azure, Docker, Kubernetes, React, Node.js",None,Software Development,Cloud Engineer,IT Services and IT Consulting,Gurugram,Hybrid,60 days,4.1,Applied,Shortlisted,Yes
C0213,Meera Reddy,32,Other,Mumbai,BCA,BCA,Computer Applications,2021,4,4,Mid Level,DevOps Engineer,"AWS, Docker, Kubernetes, Git",AWS Certified Cloud Practitioner,IT Services and IT Consulting,DevOps Engineer,IT Services and IT Consulting,Hyderabad,Remote,90 days,6.8,Applied,Shortlisted,Yes
C0214,Rahul Rao,31,Female,Noida,BCA,BCA,Computer Applications,2018,9,9,Senior / Lead,Senior Machine Learning Engineer,"Python, Machine Learning, Docker, AWS, React",AWS Certified Cloud Practitioner,Financial Services,Machine Learning Engineer,"Technology, Information and Internet",Bengaluru,Remote,90 days,12.3,Applied,Shortlisted,Yes
C0215,Sneha Nair,26,Male,Noida,M.Tech,M.Tech,Artificial Intelligence,2021,2,2,Junior,Junior Cloud Engineer,"AWS, Azure, Docker",None,IT Services and IT Consulting,Cloud Engineer,Software Development,Bengaluru,Hybrid,30 days,6.9,Applied,Shortlisted,Yes
C0216,Priya Verma,29,Male,Gurugram,B.E.,B.E.,Electronics,2019,3,2,Junior,Junior SAP Consultant,"SQL, Java",SQL Certification,Software Development,SAP Consultant,IT Services and IT Consulting,Chennai,Remote,90 days,4.8,Applied,Shortlisted,Yes
C0217,Aditya Menon,32,Other,Noida,MCA,MCA,Computer Applications,2014,5,5,Mid Level,AI Engineer,"Python, Artificial Intelligence, Machine Learning, AWS, Azure",Google Advanced Data Analytics,Software Development,AI Engineer,IT Services and IT Consulting,Bengaluru,Remote,90 days,10.9,Applied,Shortlisted,Yes
C0218,Varun Singh,31,Female,Delhi,B.Tech,B.Tech,Information Technology,2017,8,7,Senior / Lead,Senior IT Business Analyst,"SQL, Excel, Power BI, Spark",Google Data Analytics,Software Development,IT Business Analyst,Software Development,Noida,Remote,30 days,12.6,Applied,Shortlisted,Yes
C0219,Rohan Bose,24,Female,Noida,M.Tech,M.Tech,Data Science,2024,0,0,Entry Level,Graduate / Trainee,"Python, Machine Learning, Docker, AWS, Tableau",AWS Certified Cloud Practitioner,IT Services and IT Consulting,Machine Learning Engineer,IT Services and IT Consulting,Noida,Remote,60 days,3.6,Applied,Shortlisted,Yes
C0220,Kiran Menon,32,Male,Hyderabad,B.Tech,B.Tech,Artificial Intelligence,2016,6,6,Mid Level,Cloud Engineer,"AWS, Azure",AWS Certified Cloud Practitioner,Business Consulting and Services,Cloud Engineer,Software Development,Bengaluru,Hybrid,15 days,10.6,Applied,Shortlisted,Yes
C0221,Sneha Menon,30,Male,Delhi,BCA,BCA,Information Technology,2015,6,5,Mid Level,SAP Consultant,"SQL, Java",Java Certification,Business Consulting and Services,SAP Consultant,"Technology, Information and Internet",Hyderabad,On-site,30 days,11.3,Applied,Shortlisted,Yes
C0222,Pooja Sharma,30,Male,Bengaluru,BCA,BCA,Computer Applications,2021,3,3,Junior,Junior Data Analyst,"Python, SQL, Excel, Power BI, Tableau, JavaScript",Google Data Analytics,Software Development,Data Analyst,"Technology, Information and Internet",Hyderabad,On-site,90 days,5.0,Applied,Shortlisted,Yes
C0223,Ananya Rao,28,Male,Bengaluru,M.Tech,M.Tech,Artificial Intelligence,2017,4,3,Mid Level,Data Scientist,"Python, SQL, Machine Learning, Spark, Tableau, Hadoop",None,Financial Services,Data Scientist,"Technology, Information and Internet",Bengaluru,On-site,90 days,6.8,Applied,Shortlisted,Yes
C0224,Rohan Bose,34,Female,Hyderabad,M.Sc,M.Sc,Information Technology,2025,6,5,Mid Level,IT Support Engineer,"SQL, Git",None,IT Services and IT Consulting,IT Support Engineer,"Technology, Information and Internet",Delhi,On-site,15 days,11.3,Applied,Shortlisted,Yes
C0225,Kavya Iyer,36,Other,Chennai,BCA,BCA,Computer Applications,2023,10,9,Senior / Lead,Senior DevOps Engineer,"AWS, Docker, Kubernetes",AWS Certified Cloud Practitioner,Business Consulting and Services,DevOps Engineer,IT Services and IT Consulting,Mumbai,Remote,Immediate,16.8,Applied,Shortlisted,Yes
C0226,Kavya Iyer,32,Female,Delhi,B.Tech,B.Tech,Artificial Intelligence,2020,4,3,Mid Level,Salesforce Developer,"SQL, JavaScript, Machine Learning",Machine Learning Certificate,Business Consulting and Services,Salesforce Developer,IT Services and IT Consulting,Hyderabad,Remote,15 days,10.0,Applied,Shortlisted,Yes
C0227,Rahul Sharma,26,Other,Pune,B.Sc,B.Sc,Computer Science,2016,3,3,Mid Level,Data Engineer,"Python, SQL, Spark, AWS, Docker",AWS Certified Cloud Practitioner,"Technology, Information and Internet",Data Engineer,Software Development,Bengaluru,Hybrid,Immediate,7.6,Applied,Shortlisted,Yes
C0228,Varun Reddy,28,Female,Mumbai,M.Tech,M.Tech,Data Science,2016,2,1,Junior,Junior Database Engineer,"SQL, Python, Spark",SQL Certification,Financial Services,Database Engineer,IT Services and IT Consulting,Noida,On-site,15 days,4.9,Applied,Shortlisted,Yes
C0229,Nisha Singh,26,Male,Delhi,BCA,BCA,Computer Applications,2016,3,2,Mid Level,Full Stack Developer,"JavaScript, React, Node.js, Git",None,Business Consulting and Services,Full Stack Developer,Software Development,Mumbai,Hybrid,60 days,6.9,Applied,Shortlisted,Yes
C0230,Ananya Reddy,28,Male,Noida,M.Sc,M.Sc,Information Technology,2024,1,0,Junior,Junior Backend Developer,"Java, Python, SQL, Git",None,IT Services and IT Consulting,Backend Developer,"Technology, Information and Internet",Delhi,On-site,15 days,3.6,Applied,Shortlisted,Yes
C0231,Meera Menon,34,Other,Gurugram,B.E.,B.E.,Computer Science,2014,12,12,Senior / Lead,Senior Software Developer,"Java, JavaScript, Git, SQL, Hadoop, Artificial Intelligence",Java Certification,Business Consulting and Services,Software Developer,IT Services and IT Consulting,Pune,Hybrid,Immediate,19.5,Applied,Shortlisted,Yes
C0232,Aarav Iyer,29,Female,Gurugram,M.Tech,M.Tech,Data Science,2021,5,5,Mid Level,Data Engineer,"Python, SQL, Spark, AWS, Docker, Hadoop, JavaScript",AWS Certified Solutions Architect,IT Services and IT Consulting,Data Engineer,Software Development,Hyderabad,On-site,60 days,10.4,Applied,Shortlisted,Yes
C0233,Meera Sharma,29,Female,Bengaluru,M.Sc,M.Sc,Computer Science,2014,1,1,Entry Level,Graduate / Trainee,"Python, SQL, Git, Machine Learning",Machine Learning Certificate,Financial Services,Cybersecurity Analyst,"Technology, Information and Internet",Delhi,Remote,30 days,2.5,Applied,Shortlisted,Yes
C0234,Diya Verma,28,Other,Chennai,B.E.,B.E.,Information Technology,2019,3,2,Mid Level,Machine Learning Engineer,"Python, Machine Learning, Docker, AWS, Selenium",None,Business Consulting and Services,Machine Learning Engineer,"Technology, Information and Internet",Noida,Hybrid,30 days,6.1,Applied,Shortlisted,Yes
C0235,Meera Reddy,24,Other,Mumbai,B.Tech,B.Tech,Computer Science,2021,3,2,Mid Level,Business Intelligence Analyst,"SQL, Power BI, Excel, Tableau, Machine Learning",None,Financial Services,Business Intelligence Analyst,IT Services and IT Consulting,Delhi,Hybrid,90 days,6.7,Applied,Shortlisted,Yes
C0236,Rohan Das,31,Male,Gurugram,M.Sc,M.Sc,Information Technology,2016,4,3,Mid Level,Backend Developer,"Java, Python, SQL, Git, AWS, Artificial Intelligence",AWS Certified Solutions Architect,IT Services and IT Consulting,Backend Developer,IT Services and IT Consulting,Delhi,Hybrid,Immediate,8.8,Applied,Shortlisted,Yes
C0237,Sanjay Rao,27,Female,Hyderabad,M.Sc,M.Sc,Data Science,2017,1,1,Junior,Junior Cloud Engineer,"AWS, Azure, Docker, Kubernetes, JavaScript",None,Business Consulting and Services,Cloud Engineer,IT Services and IT Consulting,Hyderabad,On-site,15 days,2.5,Applied,Shortlisted,Yes
C0238,Sneha Patel,33,Other,Bengaluru,BCA,BCA,Computer Applications,2014,7,6,Senior / Lead,Senior Full Stack Developer,"JavaScript, React, Node.js, Git",None,IT Services and IT Consulting,Full Stack Developer,IT Services and IT Consulting,Mumbai,Remote,90 days,11.1,Applied,Shortlisted,Yes
C0239,Rohan Verma,29,Other,Noida,M.Sc,M.Sc,Information Technology,2017,6,6,Mid Level,Cybersecurity Analyst,"Python, SQL, Git, Power BI, GCP",None,"Technology, Information and Internet",Cybersecurity Analyst,IT Services and IT Consulting,Hyderabad,On-site,15 days,10.9,Applied,Shortlisted,Yes
C0240,Aditya Patel,28,Male,Delhi,M.Tech,M.Tech,Artificial Intelligence,2021,1,0,Entry Level,Graduate / Trainee,"AWS, Docker, Kubernetes",None,Software Development,DevOps Engineer,IT Services and IT Consulting,Chennai,Hybrid,90 days,5.5,Applied,Shortlisted,Yes
C0241,Rohan Gupta,29,Male,Gurugram,B.E.,B.E.,Computer Science,2020,3,3,Junior,Junior DevOps Engineer,"AWS, Docker, Kubernetes, Git, Spark",AWS Certified Cloud Practitioner,IT Services and IT Consulting,DevOps Engineer,"Technology, Information and Internet",Delhi,Remote,60 days,7.5,Applied,Shortlisted,Yes
C0242,Diya Iyer,30,Male,Hyderabad,M.Tech,M.Tech,Computer Science,2021,3,3,Junior,Junior Frontend Developer,"JavaScript, React, Git",None,Financial Services,Frontend Developer,Software Development,Bengaluru,Remote,60 days,8.0,Applied,Shortlisted,Yes
C0243,Sanjay Menon,26,Female,Chennai,MCA,MCA,Computer Applications,2019,0,0,Entry Level,Graduate / Trainee,"SQL, JavaScript, Spark",SQL Certification,Financial Services,Salesforce Developer,"Technology, Information and Internet",Bengaluru,Remote,60 days,2.5,Applied,Shortlisted,Yes
C0244,Vikram Joshi,29,Female,Delhi,MCA,MCA,Computer Applications,2015,4,3,Mid Level,Data Scientist,"Python, SQL, Machine Learning, Spark",None,Business Consulting and Services,Data Scientist,IT Services and IT Consulting,Gurugram,Remote,15 days,8.2,Applied,Shortlisted,Yes
C0245,Aisha Patel,28,Female,Pune,M.Tech,M.Tech,Data Science,2023,6,6,Mid Level,Cybersecurity Analyst,"Python, SQL",SQL Certification,IT Services and IT Consulting,Cybersecurity Analyst,"Technology, Information and Internet",Pune,Remote,Immediate,10.6,Applied,Shortlisted,Yes
C0246,Ishaan Bose,26,Other,Hyderabad,M.Sc,M.Sc,Computer Science,2018,5,5,Mid Level,Database Engineer,"SQL, Python",SQL Certification,"Technology, Information and Internet",Database Engineer,Software Development,Bengaluru,Hybrid,Immediate,9.5,Applied,Shortlisted,Yes
C0247,Vikram Pillai,30,Other,Noida,M.Sc,M.Sc,Computer Science,2015,5,5,Mid Level,Business Intelligence Analyst,"SQL, Power BI, Excel",Microsoft Power BI,IT Services and IT Consulting,Business Intelligence Analyst,"Technology, Information and Internet",Delhi,On-site,60 days,6.8,Applied,Shortlisted,Yes
C0248,Kiran Singh,26,Other,Bengaluru,MCA,MCA,Computer Applications,2022,1,1,Junior,Junior Data Analyst,"Python, SQL, Excel, Power BI, Tableau, Hadoop, GCP",Microsoft Power BI,Business Consulting and Services,Data Analyst,"Technology, Information and Internet",Bengaluru,On-site,60 days,2.5,Applied,Shortlisted,Yes
C0249,Aisha Pillai,23,Female,Bengaluru,BCA,BCA,Information Technology,2022,0,0,Entry Level,Graduate / Trainee,"Python, Artificial Intelligence, Machine Learning, AWS, Selenium, SQL",None,"Technology, Information and Internet",AI Engineer,"Technology, Information and Internet",Bengaluru,Remote,60 days,2.9,Applied,Shortlisted,Yes
C0250,Aditya Verma,26,Male,Hyderabad,M.Sc,M.Sc,Data Science,2015,1,0,Entry Level,Graduate / Trainee,"Python, Machine Learning, Docker, AWS, Selenium",Machine Learning Certificate,Software Development,Machine Learning Engineer,IT Services and IT Consulting,Delhi,Remote,90 days,2.9,Applied,Shortlisted,Yes
C0251,Priya Kumar,22,Male,Bengaluru,B.E.,B.E.,Electronics,2017,1,1,Junior,Junior Salesforce Developer,"SQL, JavaScript, Kubernetes",SQL Certification,Financial Services,Salesforce Developer,"Technology, Information and Internet",Gurugram,On-site,15 days,5.5,Applied,Shortlisted,Yes
C0252,Meera Bose,26,Other,Mumbai,MCA,MCA,Information Technology,2019,3,2,Mid Level,QA Engineer,"Selenium, Java, Python, Git",Selenium Automation Certification,Software Development,QA Engineer,Software Development,Gurugram,On-site,15 days,6.8,Applied,Shortlisted,Yes
C0253,Sanjay Rao,25,Female,Pune,BCA,BCA,Information Technology,2014,3,2,Junior,Junior Machine Learning Engineer,"Python, Machine Learning",None,Software Development,Machine Learning Engineer,IT Services and IT Consulting,Pune,Hybrid,60 days,7.8,Applied,Not Shortlisted,Yes
C0254,Kiran Nair,28,Male,Hyderabad,M.Tech,M.Tech,Artificial Intelligence,2020,1,1,Entry Level,Graduate / Trainee,"Python, Artificial Intelligence",None,Financial Services,AI Engineer,"Technology, Information and Internet",Mumbai,On-site,Immediate,4.0,Applied,Not Shortlisted,Yes
C0255,Vikram Nair,24,Male,Delhi,MCA,MCA,Information Technology,2019,2,1,Junior,Junior Data Analyst,"Python, SQL, Excel, Power BI, Tableau, Machine Learning, Node.js",Machine Learning Certificate,Business Consulting and Services,Data Analyst,"Technology, Information and Internet",Chennai,Hybrid,15 days,4.6,Applied,Shortlisted,Yes
C0256,Sanjay Menon,28,Other,Delhi,B.Sc,B.Sc,Computer Science,2022,3,3,Junior,Junior Cybersecurity Analyst,"Python, SQL, Git, JavaScript",SQL Certification,Business Consulting and Services,Cybersecurity Analyst,Software Development,Bengaluru,On-site,30 days,5.3,Applied,Shortlisted,Yes
C0257,Diya Bose,26,Male,Chennai,M.Sc,M.Sc,Computer Science,2014,3,3,Junior,Junior Machine Learning Engineer,"Python, Machine Learning",Google Advanced Data Analytics,IT Services and IT Consulting,Machine Learning Engineer,Software Development,Hyderabad,On-site,Immediate,8.9,Applied,Shortlisted,Yes
C0258,Ananya Bose,32,Female,Hyderabad,MCA,MCA,Computer Applications,2023,5,5,Mid Level,DevOps Engineer,"AWS, Docker, Kubernetes, Git, Selenium, JavaScript",None,"Technology, Information and Internet",DevOps Engineer,IT Services and IT Consulting,Hyderabad,Hybrid,60 days,9.6,Applied,Shortlisted,Yes
C0259,Aarav Kumar,31,Other,Bengaluru,B.Tech,B.Tech,Information Technology,2015,4,4,Mid Level,Business Intelligence Analyst,"SQL, Power BI, Excel, Tableau",Microsoft Power BI,Business Consulting and Services,Business Intelligence Analyst,"Technology, Information and Internet",Bengaluru,On-site,90 days,7.1,Applied,Shortlisted,Yes
C0260,Ananya Das,24,Female,Mumbai,B.Sc,B.Sc,Data Science,2020,1,1,Entry Level,Graduate / Trainee,"Java, JavaScript",Java Certification,Software Development,Software Engineer,IT Services and IT Consulting,Mumbai,On-site,90 days,2.5,Applied,Shortlisted,Yes
C0261,Ananya Rao,28,Male,Noida,M.Sc,M.Sc,Information Technology,2023,1,1,Junior,Junior SAP Consultant,"SQL, Java, Git",SQL Certification,Financial Services,SAP Consultant,Software Development,Noida,Remote,60 days,3.8,Applied,Shortlisted,Yes
C0262,Diya Menon,30,Other,Noida,BCA,BCA,Information Technology,2016,3,3,Junior,Junior Full Stack Developer,"JavaScript, React, Node.js, Git",None,Business Consulting and Services,Full Stack Developer,"Technology, Information and Internet",Chennai,Hybrid,15 days,6.6,Applied,Shortlisted,Yes
C0263,Vikram Menon,40,Female,Chennai,MCA,MCA,Information Technology,2019,12,12,Senior / Lead,Senior Database Engineer,"SQL, Python, Spark, Kubernetes, AWS",None,Business Consulting and Services,Database Engineer,"Technology, Information and Internet",Noida,Remote,60 days,14.8,Applied,Shortlisted,Yes
C0264,Sneha Singh,22,Other,Noida,B.E.,B.E.,Information Technology,2018,1,0,Entry Level,Graduate / Trainee,"SQL, JavaScript, React, Selenium",SQL Certification,Software Development,Salesforce Developer,IT Services and IT Consulting,Delhi,Hybrid,Immediate,2.5,Applied,Shortlisted,Yes
C0265,Kiran Reddy,22,Male,Gurugram,B.E.,B.E.,Computer Science,2018,1,1,Entry Level,Graduate / Trainee,"Python, SQL, Machine Learning, Spark, Node.js",SQL Certification,Software Development,Data Scientist,Software Development,Gurugram,Hybrid,15 days,4.2,Applied,Shortlisted,Yes
C0266,Aarav Rao,25,Female,Gurugram,MCA,MCA,Information Technology,2021,2,2,Junior,Junior Cybersecurity Analyst,"Python, SQL",None,Business Consulting and Services,Cybersecurity Analyst,IT Services and IT Consulting,Chennai,On-site,60 days,6.4,Applied,Shortlisted,Yes
C0267,Nisha Singh,27,Other,Mumbai,BCA,BCA,Information Technology,2022,1,0,Entry Level,Graduate / Trainee,"SQL, Power BI, Excel, Tableau",None,Software Development,Business Intelligence Analyst,IT Services and IT Consulting,Hyderabad,On-site,90 days,6.6,Applied,Shortlisted,Yes
C0268,Ishaan Das,27,Female,Chennai,B.E.,B.E.,Electronics,2017,1,1,Junior,Junior Database Engineer,"SQL, Python, Spark",SQL Certification,"Technology, Information and Internet",Database Engineer,Software Development,Mumbai,Hybrid,30 days,5.3,Applied,Shortlisted,Yes
C0269,Kiran Menon,24,Other,Delhi,B.E.,B.E.,Computer Science,2025,0,0,Entry Level,Graduate / Trainee,"JavaScript, React, Node.js, Git",None,Business Consulting and Services,Full Stack Developer,IT Services and IT Consulting,Gurugram,Hybrid,Immediate,4.1,Applied,Shortlisted,Yes
C0270,Vikram Das,27,Male,Bengaluru,B.Sc,B.Sc,Information Technology,2016,3,2,Mid Level,Machine Learning Engineer,"Python, Machine Learning, Docker, AWS, Kubernetes, Selenium",Machine Learning Certificate,IT Services and IT Consulting,Machine Learning Engineer,Software Development,Mumbai,On-site,15 days,6.4,Applied,Shortlisted,Yes
C0271,Kiran Singh,35,Male,Chennai,M.Tech,M.Tech,Data Science,2025,10,10,Senior / Lead,Senior Salesforce Developer,"SQL, JavaScript, AWS, Machine Learning",Machine Learning Certificate,Software Development,Salesforce Developer,IT Services and IT Consulting,Hyderabad,On-site,30 days,15.3,Applied,Shortlisted,Yes
C0272,Priya Bose,36,Female,Chennai,BCA,BCA,Information Technology,2021,11,11,Senior / Lead,Senior Data Scientist,"Python, SQL, Machine Learning, Spark, Java",Machine Learning Certificate,"Technology, Information and Internet",Data Scientist,"Technology, Information and Internet",Noida,Hybrid,90 days,19.2,Applied,Shortlisted,Yes
C0273,Meera Bose,25,Female,Chennai,M.Sc,M.Sc,Computer Science,2016,3,3,Mid Level,QA Engineer,"Selenium, Java, Python, Git, Node.js",Selenium Automation Certification,Business Consulting and Services,QA Engineer,Software Development,Noida,Hybrid,60 days,6.1,Applied,Shortlisted,Yes
C0274,Aditya Iyer,25,Female,Gurugram,MCA,MCA,Computer Applications,2020,1,1,Junior,Junior Database Engineer,"SQL, Python, Spark, Excel, Machine Learning",Google Advanced Data Analytics,"Technology, Information and Internet",Database Engineer,Software Development,Gurugram,Remote,60 days,5.2,Applied,Shortlisted,Yes
C0275,Rohan Iyer,34,Male,Chennai,BCA,BCA,Information Technology,2025,11,10,Senior / Lead,Senior Data Analyst,"Python, SQL, Excel, Power BI, Tableau, Node.js",Google Data Analytics,Software Development,Data Analyst,IT Services and IT Consulting,Gurugram,Remote,90 days,14.1,Applied,Shortlisted,Yes
C0276,Nisha Menon,30,Female,Noida,BCA,BCA,Computer Applications,2021,3,2,Junior,Junior Business Intelligence Analyst,"SQL, Power BI",Microsoft Power BI,Business Consulting and Services,Business Intelligence Analyst,Software Development,Hyderabad,On-site,90 days,6.7,Applied,Shortlisted,Yes
C0277,Pooja Kumar,26,Male,Gurugram,MCA,MCA,Computer Applications,2024,1,1,Entry Level,Graduate / Trainee,"Python, Artificial Intelligence, Machine Learning, AWS, Kubernetes, Git",None,IT Services and IT Consulting,AI Engineer,Software Development,Chennai,On-site,30 days,7.0,Applied,Shortlisted,Yes
C0278,Varun Sharma,22,Female,Bengaluru,B.E.,B.E.,Information Technology,2014,0,0,Entry Level,Graduate / Trainee,"Java, Python, SQL, Git",SQL Certification,Financial Services,Backend Developer,IT Services and IT Consulting,Pune,Hybrid,90 days,2.5,Applied,Shortlisted,Yes
C0279,Rohan Reddy,21,Male,Chennai,BCA,BCA,Information Technology,2020,0,0,Entry Level,Graduate / Trainee,"JavaScript, React, Node.js, Git, Python",None,Financial Services,Full Stack Developer,IT Services and IT Consulting,Pune,On-site,Immediate,5.9,Applied,Shortlisted,Yes
C0280,Priya Patel,30,Other,Hyderabad,B.E.,B.E.,Information Technology,2022,6,5,Mid Level,Data Analyst,"Python, SQL, Excel, Power BI, Tableau",Google Data Analytics,"Technology, Information and Internet",Data Analyst,Software Development,Hyderabad,Remote,60 days,6.9,Applied,Shortlisted,Yes
C0281,Sanjay Sharma,23,Female,Hyderabad,MCA,MCA,Information Technology,2019,1,0,Junior,Junior Data Scientist,"Python, SQL, Machine Learning, Spark",Google Advanced Data Analytics,"Technology, Information and Internet",Data Scientist,IT Services and IT Consulting,Mumbai,Hybrid,15 days,5.3,Applied,Shortlisted,Yes
C0282,Aisha Menon,27,Male,Bengaluru,M.Sc,M.Sc,Information Technology,2021,1,1,Junior,Junior DevOps Engineer,"AWS, Docker, Kubernetes, Git, JavaScript, GCP",AWS Certified Cloud Practitioner,Software Development,DevOps Engineer,"Technology, Information and Internet",Pune,Remote,15 days,5.7,Applied,Shortlisted,Yes
C0283,Aditya Kumar,24,Other,Chennai,B.E.,B.E.,Electronics,2021,3,3,Junior,Junior Salesforce Developer,"SQL, JavaScript",SQL Certification,"Technology, Information and Internet",Salesforce Developer,"Technology, Information and Internet",Chennai,On-site,Immediate,6.8,Applied,Shortlisted,Yes
C0284,Diya Bose,30,Other,Gurugram,BCA,BCA,Computer Applications,2014,4,4,Mid Level,Cybersecurity Analyst,"Python, SQL",SQL Certification,Software Development,Cybersecurity Analyst,IT Services and IT Consulting,Hyderabad,Hybrid,30 days,8.9,Applied,Shortlisted,Yes
C0285,Varun Kumar,30,Female,Bengaluru,M.Tech,M.Tech,Artificial Intelligence,2020,6,5,Senior / Lead,Senior Cybersecurity Analyst,"Python, SQL, Git",SQL Certification,Financial Services,Cybersecurity Analyst,Software Development,Hyderabad,Remote,15 days,10.6,Applied,Shortlisted,Yes
C0286,Aisha Iyer,29,Male,Pune,BCA,BCA,Computer Applications,2023,1,0,Junior,Junior Cybersecurity Analyst,"Python, SQL",None,"Technology, Information and Internet",Cybersecurity Analyst,"Technology, Information and Internet",Gurugram,Remote,30 days,7.0,Applied,Shortlisted,Yes
C0287,Neha Pillai,27,Female,Gurugram,B.Sc,B.Sc,Information Technology,2024,1,0,Junior,Junior Cybersecurity Analyst,"Python, SQL, Git",SQL Certification,Financial Services,Cybersecurity Analyst,"Technology, Information and Internet",Noida,Hybrid,60 days,4.7,Applied,Shortlisted,Yes
C0288,Kavya Patel,25,Other,Delhi,MCA,MCA,Computer Applications,2024,4,4,Mid Level,Software Developer,"Java, JavaScript, Git, SQL, Node.js",Java Certification,Business Consulting and Services,Software Developer,Software Development,Mumbai,On-site,90 days,6.7,Applied,Shortlisted,Yes
C0289,Neha Pillai,25,Female,Delhi,BCA,BCA,Computer Applications,2017,4,3,Mid Level,Data Scientist,"Python, SQL",None,"Technology, Information and Internet",Data Scientist,"Technology, Information and Internet",Delhi,Remote,15 days,8.3,Applied,Not Shortlisted,Yes
C0290,Diya Das,32,Other,Gurugram,MCA,MCA,Computer Applications,2020,6,5,Mid Level,Machine Learning Engineer,"Python, Machine Learning, Docker, AWS",None,"Technology, Information and Internet",Machine Learning Engineer,IT Services and IT Consulting,Hyderabad,Hybrid,60 days,8.7,Applied,Shortlisted,Yes
C0291,Ananya Verma,25,Male,Gurugram,BCA,BCA,Computer Applications,2025,4,3,Mid Level,Software Developer,"Java, JavaScript",Java Certification,Financial Services,Software Developer,IT Services and IT Consulting,Chennai,On-site,15 days,8.0,Applied,Shortlisted,Yes
C0292,Arjun Das,29,Other,Hyderabad,M.Tech,M.Tech,Artificial Intelligence,2018,5,5,Mid Level,Software Engineer,"Java, JavaScript, Git",None,Business Consulting and Services,Software Engineer,"Technology, Information and Internet",Gurugram,Remote,90 days,6.6,Applied,Shortlisted,Yes
C0293,Aisha Bose,25,Other,Pune,B.Sc,B.Sc,Computer Science,2024,1,1,Entry Level,Graduate / Trainee,"JavaScript, React",None,IT Services and IT Consulting,Frontend Developer,Software Development,Pune,Hybrid,Immediate,5.0,Applied,Shortlisted,Yes
C0294,Aarav Kumar,29,Female,Bengaluru,M.Sc,M.Sc,Computer Science,2018,3,3,Mid Level,Business Intelligence Analyst,"SQL, Power BI",SQL Certification,Business Consulting and Services,Business Intelligence Analyst,"Technology, Information and Internet",Gurugram,Remote,30 days,7.2,Applied,Shortlisted,Yes
C0295,Vikram Gupta,32,Female,Bengaluru,MCA,MCA,Information Technology,2021,5,5,Mid Level,Frontend Developer,"JavaScript, React, Git",None,Software Development,Frontend Developer,"Technology, Information and Internet",Mumbai,On-site,30 days,11.1,Applied,Shortlisted,Yes
C0296,Nisha Bose,26,Male,Bengaluru,MCA,MCA,Computer Applications,2014,3,2,Junior,Junior Frontend Developer,"JavaScript, React, Git, Java, Spark",Java Certification,IT Services and IT Consulting,Frontend Developer,"Technology, Information and Internet",Mumbai,Remote,Immediate,6.2,Applied,Shortlisted,Yes
C0297,Rahul Rao,32,Female,Mumbai,B.E.,B.E.,Information Technology,2025,6,5,Mid Level,AI Engineer,"Python, Artificial Intelligence, Machine Learning, AWS, React, Spark",AWS Certified Solutions Architect,Software Development,AI Engineer,Software Development,Hyderabad,On-site,60 days,10.1,Applied,Shortlisted,Yes
C0298,Varun Verma,27,Female,Pune,M.Sc,M.Sc,Information Technology,2022,6,6,Mid Level,Software Engineer,"Java, JavaScript, Git",None,"Technology, Information and Internet",Software Engineer,IT Services and IT Consulting,Bengaluru,Hybrid,Immediate,9.0,Applied,Shortlisted,Yes
C0299,Rohan Pillai,28,Male,Mumbai,M.Tech,M.Tech,Computer Science,2014,5,4,Mid Level,IT Business Analyst,"SQL, Excel, Power BI",Google Data Analytics,Financial Services,IT Business Analyst,"Technology, Information and Internet",Delhi,Hybrid,15 days,7.4,Applied,Shortlisted,Yes
C0300,Aditya Pillai,25,Other,Hyderabad,BCA,BCA,Information Technology,2021,1,0,Entry Level,Graduate / Trainee,"AWS, Azure, Docker, Kubernetes, Java",Java Certification,Financial Services,Cloud Engineer,"Technology, Information and Internet",Chennai,On-site,15 days,2.5,Applied,Shortlisted,Yes
C0301,Rohan Nair,25,Other,Pune,B.E.,B.E.,Electronics,2016,3,2,Junior,Junior Machine Learning Engineer,"Python, Machine Learning, Docker, AWS, React, JavaScript",AWS Certified Cloud Practitioner,Software Development,Machine Learning Engineer,"Technology, Information and Internet",Hyderabad,Remote,15 days,7.3,Applied,Shortlisted,Yes
C0302,Sanjay Pillai,25,Male,Chennai,M.Sc,M.Sc,Information Technology,2025,2,1,Junior,Junior Software Developer,"Java, JavaScript, Git, SQL",SQL Certification,Financial Services,Software Developer,IT Services and IT Consulting,Chennai,On-site,30 days,5.5,Applied,Shortlisted,Yes
C0303,Vikram Reddy,24,Other,Pune,M.Sc,M.Sc,Computer Science,2014,2,1,Junior,Junior Backend Developer,"Java, Python, SQL",None,Business Consulting and Services,Backend Developer,Software Development,Delhi,On-site,90 days,5.4,Applied,Shortlisted,Yes
C0304,Vikram Das,34,Female,Bengaluru,B.E.,B.E.,Computer Science,2023,8,7,Senior / Lead,Senior Data Scientist,"Python, SQL, Machine Learning, Spark",None,Financial Services,Data Scientist,Software Development,Delhi,On-site,Immediate,12.5,Applied,Shortlisted,Yes
C0305,Meera Joshi,25,Male,Noida,B.Sc,B.Sc,Information Technology,2023,0,0,Entry Level,Graduate / Trainee,"Python, SQL",SQL Certification,Financial Services,Data Scientist,"Technology, Information and Internet",Noida,Remote,30 days,3.5,Applied,Shortlisted,Yes
C0306,Aditya Reddy,25,Other,Mumbai,B.E.,B.E.,Electronics,2020,1,1,Junior,Junior Machine Learning Engineer,"Python, Machine Learning, Docker, AWS, React, Java",AWS Certified Solutions Architect,Software Development,Machine Learning Engineer,"Technology, Information and Internet",Pune,On-site,15 days,4.4,Applied,Shortlisted,Yes
C0307,Vikram Kumar,28,Other,Gurugram,M.Tech,M.Tech,Computer Science,2018,5,5,Mid Level,Salesforce Developer,"SQL, JavaScript, React, Spark",None,"Technology, Information and Internet",Salesforce Developer,"Technology, Information and Internet",Delhi,Remote,60 days,5.9,Applied,Shortlisted,Yes
C0308,Rahul Joshi,27,Female,Bengaluru,B.E.,B.E.,Computer Science,2017,6,5,Mid Level,Cloud Engineer,"AWS, Azure, Docker, Kubernetes, Tableau, Python",AWS Certified Cloud Practitioner,Business Consulting and Services,Cloud Engineer,"Technology, Information and Internet",Bengaluru,Hybrid,30 days,9.1,Applied,Shortlisted,Yes
C0309,Ishaan Rao,26,Female,Hyderabad,BCA,BCA,Information Technology,2025,1,1,Junior,Junior Data Analyst,"Python, SQL, Excel, Power BI, Tableau, Machine Learning",Machine Learning Certificate,Software Development,Data Analyst,"Technology, Information and Internet",Delhi,On-site,30 days,4.2,Applied,Shortlisted,Yes
C0310,Meera Singh,26,Male,Hyderabad,B.Sc,B.Sc,Data Science,2015,4,4,Mid Level,SAP Consultant,"SQL, Java",SQL Certification,Business Consulting and Services,SAP Consultant,IT Services and IT Consulting,Hyderabad,On-site,15 days,7.3,Applied,Shortlisted,Yes
C0311,Aditya Kumar,27,Female,Bengaluru,BCA,BCA,Computer Applications,2021,1,0,Junior,Junior QA Engineer,"Selenium, Java, Python, Git, Hadoop, SQL",None,Business Consulting and Services,QA Engineer,Software Development,Gurugram,Hybrid,60 days,3.8,Applied,Shortlisted,Yes
C0312,Rohan Iyer,23,Other,Mumbai,B.Sc,B.Sc,Computer Science,2015,0,0,Entry Level,Graduate / Trainee,"Java, Python, SQL, Git",None,Business Consulting and Services,Backend Developer,"Technology, Information and Internet",Delhi,On-site,30 days,3.6,Applied,Shortlisted,Yes
C0313,Aditya Sharma,40,Other,Noida,BCA,BCA,Computer Applications,2016,12,12,Senior / Lead,Senior IT Support Engineer,"SQL, Git",None,Business Consulting and Services,IT Support Engineer,"Technology, Information and Internet",Noida,Hybrid,15 days,16.1,Applied,Shortlisted,Yes
C0314,Pooja Rao,36,Other,Mumbai,B.E.,B.E.,Electronics,2023,12,11,Senior / Lead,Senior Software Developer,"Java, JavaScript, Git, SQL, Selenium",Selenium Automation Certification,IT Services and IT Consulting,Software Developer,"Technology, Information and Internet",Noida,Remote,Immediate,18.3,Applied,Shortlisted,Yes
C0315,Varun Kumar,34,Other,Hyderabad,BCA,BCA,Computer Applications,2019,6,5,Mid Level,Database Engineer,"SQL, Python, Spark",SQL Certification,Business Consulting and Services,Database Engineer,Software Development,Hyderabad,On-site,15 days,8.7,Applied,Shortlisted,Yes
C0316,Pooja Joshi,33,Female,Delhi,MCA,MCA,Information Technology,2018,7,6,Senior / Lead,Senior Frontend Developer,"JavaScript, React, Git",None,Financial Services,Frontend Developer,"Technology, Information and Internet",Noida,Remote,Immediate,12.2,Applied,Shortlisted,Yes
C0317,Aisha Reddy,22,Female,Bengaluru,M.Tech,M.Tech,Artificial Intelligence,2015,0,0,Entry Level,Graduate / Trainee,"JavaScript, React",None,"Technology, Information and Internet",Frontend Developer,IT Services and IT Consulting,Pune,Hybrid,15 days,2.9,Applied,Shortlisted,Yes
C0318,Rahul Verma,30,Other,Mumbai,MCA,MCA,Information Technology,2014,4,4,Mid Level,Cloud Engineer,"AWS, Azure, Docker, Kubernetes",AWS Certified Solutions Architect,"Technology, Information and Internet",Cloud Engineer,"Technology, Information and Internet",Bengaluru,Remote,15 days,9.2,Applied,Shortlisted,Yes
C0319,Sanjay Joshi,27,Other,Chennai,MCA,MCA,Computer Applications,2021,3,3,Mid Level,Software Engineer,"Java, JavaScript",Java Certification,Business Consulting and Services,Software Engineer,Software Development,Pune,Hybrid,30 days,9.0,Applied,Shortlisted,Yes
C0320,Rohan Iyer,31,Male,Pune,BCA,BCA,Computer Applications,2022,4,4,Mid Level,Database Engineer,"SQL, Python, Spark, Docker, Kubernetes",SQL Certification,IT Services and IT Consulting,Database Engineer,"Technology, Information and Internet",Bengaluru,Remote,Immediate,9.1,Applied,Shortlisted,Yes
C0321,Kavya Gupta,34,Other,Gurugram,M.Tech,M.Tech,Data Science,2022,12,11,Senior / Lead,Senior Business Intelligence Analyst,"SQL, Power BI, Excel, Tableau, Spark",Microsoft Power BI,Business Consulting and Services,Business Intelligence Analyst,IT Services and IT Consulting,Gurugram,Hybrid,30 days,16.9,Applied,Shortlisted,Yes
C0322,Aditya Menon,28,Female,Noida,M.Tech,M.Tech,Computer Science,2018,1,0,Junior,Junior DevOps Engineer,"AWS, Docker, Kubernetes",None,Software Development,DevOps Engineer,IT Services and IT Consulting,Hyderabad,Hybrid,60 days,2.5,Applied,Shortlisted,Yes
C0323,Diya Patel,24,Female,Bengaluru,M.Sc,M.Sc,Data Science,2024,1,1,Junior,Junior Data Scientist,"Python, SQL, Machine Learning, Spark, Java, Hadoop",Machine Learning Certificate,IT Services and IT Consulting,Data Scientist,"Technology, Information and Internet",Chennai,On-site,15 days,4.9,Applied,Shortlisted,Yes
C0324,Priya Patel,32,Other,Bengaluru,B.E.,B.E.,Electronics,2019,6,6,Mid Level,Cybersecurity Analyst,"Python, SQL, Git, Azure, Java",None,Business Consulting and Services,Cybersecurity Analyst,Software Development,Noida,On-site,90 days,11.2,Applied,Shortlisted,Yes
C0325,Kiran Das,39,Other,Bengaluru,B.Tech,B.Tech,Information Technology,2016,12,12,Senior / Lead,Senior Frontend Developer,"JavaScript, React, Git, Kubernetes",None,IT Services and IT Consulting,Frontend Developer,Software Development,Mumbai,Hybrid,90 days,15.9,Applied,Shortlisted,Yes
C0326,Rohan Joshi,27,Other,Mumbai,B.Tech,B.Tech,Artificial Intelligence,2025,1,1,Entry Level,Graduate / Trainee,"Python, Artificial Intelligence",None,Financial Services,AI Engineer,"Technology, Information and Internet",Noida,Hybrid,15 days,2.9,Applied,Not Shortlisted,Yes
C0327,Ananya Joshi,35,Other,Gurugram,B.Tech,B.Tech,Information Technology,2021,7,6,Senior / Lead,Senior IT Support Engineer,"SQL, Git, Node.js",None,Financial Services,IT Support Engineer,"Technology, Information and Internet",Gurugram,Hybrid,30 days,12.7,Applied,Shortlisted,Yes
C0328,Neha Nair,23,Female,Mumbai,B.Tech,B.Tech,Information Technology,2024,0,0,Entry Level,Graduate / Trainee,"JavaScript, React",None,Financial Services,Frontend Developer,"Technology, Information and Internet",Mumbai,On-site,Immediate,2.5,Applied,Shortlisted,Yes
C0329,Kavya Sharma,28,Female,Mumbai,M.Sc,M.Sc,Data Science,2025,6,6,Mid Level,Cybersecurity Analyst,"Python, SQL, Git, Artificial Intelligence",SQL Certification,Financial Services,Cybersecurity Analyst,IT Services and IT Consulting,Noida,On-site,60 days,10.8,Applied,Shortlisted,Yes
C0330,Rahul Reddy,23,Other,Gurugram,MCA,MCA,Information Technology,2016,1,1,Junior,Junior Full Stack Developer,"JavaScript, React, Node.js, Git",None,Business Consulting and Services,Full Stack Developer,IT Services and IT Consulting,Bengaluru,On-site,15 days,4.7,Applied,Shortlisted,Yes
C0331,Aarav Joshi,32,Female,Mumbai,B.Sc,B.Sc,Computer Science,2020,4,4,Mid Level,Business Intelligence Analyst,"SQL, Power BI, Excel, Tableau, Selenium, Node.js",None,Business Consulting and Services,Business Intelligence Analyst,Software Development,Bengaluru,On-site,60 days,7.3,Applied,Shortlisted,Yes
C0332,Sneha Reddy,37,Male,Delhi,M.Tech,M.Tech,Artificial Intelligence,2016,10,10,Senior / Lead,Senior Data Analyst,"Python, SQL, Excel, Power BI",Google Data Analytics,Software Development,Data Analyst,IT Services and IT Consulting,Gurugram,On-site,90 days,16.5,Applied,Shortlisted,Yes
C0333,Arjun Gupta,29,Male,Hyderabad,BCA,BCA,Computer Applications,2023,6,5,Mid Level,Machine Learning Engineer,"Python, Machine Learning",Google Advanced Data Analytics,IT Services and IT Consulting,Machine Learning Engineer,Software Development,Gurugram,Remote,Immediate,6.4,Applied,Shortlisted,Yes
C0334,Meera Joshi,25,Other,Bengaluru,MCA,MCA,Information Technology,2023,2,1,Junior,Junior Backend Developer,"Java, Python, SQL, Git, Node.js",SQL Certification,Financial Services,Backend Developer,IT Services and IT Consulting,Bengaluru,Hybrid,Immediate,4.3,Applied,Shortlisted,Yes
C0335,Sanjay Verma,29,Other,Mumbai,M.Sc,M.Sc,Computer Science,2022,1,0,Entry Level,Graduate / Trainee,"AWS, Azure, Docker, Kubernetes",Microsoft Azure Fundamentals,IT Services and IT Consulting,Cloud Engineer,"Technology, Information and Internet",Pune,Hybrid,Immediate,3.7,Applied,Shortlisted,Yes
C0336,Kiran Reddy,30,Male,Pune,M.Sc,M.Sc,Data Science,2016,5,4,Mid Level,IT Support Engineer,"SQL, Git, Machine Learning, Excel",None,Software Development,IT Support Engineer,"Technology, Information and Internet",Gurugram,On-site,30 days,11.4,Applied,Shortlisted,Yes
C0337,Kiran Reddy,31,Female,Gurugram,B.Tech,B.Tech,Computer Science,2019,8,8,Senior / Lead,Senior IT Support Engineer,"SQL, Git, Azure",None,Financial Services,IT Support Engineer,"Technology, Information and Internet",Hyderabad,Hybrid,90 days,12.3,Applied,Shortlisted,Yes
C0338,Rohan Patel,34,Other,Chennai,B.Tech,B.Tech,Computer Science,2017,11,11,Senior / Lead,Senior Software Developer,"Java, JavaScript, Git, SQL, Spark",SQL Certification,"Technology, Information and Internet",Software Developer,"Technology, Information and Internet",Mumbai,Remote,15 days,14.7,Applied,Shortlisted,Yes
C0339,Arjun Singh,28,Male,Chennai,B.E.,B.E.,Computer Science,2024,5,5,Mid Level,IT Business Analyst,"SQL, Excel, Power BI, Azure, Tableau",Microsoft Power BI,Business Consulting and Services,IT Business Analyst,IT Services and IT Consulting,Delhi,On-site,60 days,7.7,Applied,Shortlisted,Yes
C0340,Kiran Gupta,28,Female,Mumbai,BCA,BCA,Information Technology,2021,4,4,Mid Level,QA Engineer,"Selenium, Java, Python, Git, Excel, Kubernetes",Java Certification,"Technology, Information and Internet",QA Engineer,"Technology, Information and Internet",Mumbai,On-site,30 days,7.8,Applied,Shortlisted,Yes
C0341,Neha Joshi,27,Other,Bengaluru,M.Sc,M.Sc,Information Technology,2023,6,6,Mid Level,Backend Developer,"Java, Python, SQL, Git",None,Financial Services,Backend Developer,IT Services and IT Consulting,Chennai,Hybrid,30 days,10.3,Applied,Shortlisted,Yes
C0342,Sneha Gupta,32,Other,Gurugram,B.Sc,B.Sc,Information Technology,2017,5,5,Mid Level,Database Engineer,"SQL, Python, Spark, Tableau",SQL Certification,"Technology, Information and Internet",Database Engineer,IT Services and IT Consulting,Mumbai,Hybrid,15 days,10.3,Applied,Shortlisted,Yes
C0343,Ishaan Bose,33,Other,Noida,B.E.,B.E.,Information Technology,2015,12,12,Senior / Lead,Senior AI Engineer,"Python, Artificial Intelligence, Machine Learning, AWS",None,IT Services and IT Consulting,AI Engineer,"Technology, Information and Internet",Delhi,Hybrid,15 days,14.9,Applied,Shortlisted,Yes
C0344,Sanjay Kumar,33,Other,Delhi,B.Tech,B.Tech,Computer Science,2018,5,5,Mid Level,Full Stack Developer,"JavaScript, React, Node.js, Git",None,"Technology, Information and Internet",Full Stack Developer,Software Development,Chennai,Hybrid,30 days,9.0,Applied,Shortlisted,Yes
C0345,Arjun Pillai,36,Female,Pune,B.Sc,B.Sc,Computer Science,2019,8,8,Senior / Lead,Senior Data Engineer,"Python, SQL, Spark, AWS, Docker",None,Financial Services,Data Engineer,IT Services and IT Consulting,Mumbai,Hybrid,60 days,12.7,Applied,Shortlisted,Yes
C0346,Meera Gupta,25,Female,Hyderabad,M.Sc,M.Sc,Data Science,2016,2,1,Junior,Junior DevOps Engineer,"AWS, Docker, Kubernetes, Git",AWS Certified Solutions Architect,IT Services and IT Consulting,DevOps Engineer,"Technology, Information and Internet",Hyderabad,On-site,30 days,6.7,Applied,Shortlisted,Yes
C0347,Ananya Nair,27,Female,Delhi,MCA,MCA,Information Technology,2021,5,4,Mid Level,Data Scientist,"Python, SQL, Machine Learning, Spark",Google Advanced Data Analytics,IT Services and IT Consulting,Data Scientist,Software Development,Noida,Remote,30 days,6.9,Applied,Shortlisted,Yes
C0348,Aisha Gupta,28,Male,Hyderabad,M.Tech,M.Tech,Artificial Intelligence,2021,0,0,Entry Level,Graduate / Trainee,"Java, JavaScript, Git, SQL, Node.js, Selenium",None,Business Consulting and Services,Software Developer,IT Services and IT Consulting,Hyderabad,Hybrid,15 days,2.9,Applied,Shortlisted,Yes
C0349,Kavya Verma,33,Other,Noida,MCA,MCA,Information Technology,2014,6,6,Mid Level,Full Stack Developer,"JavaScript, React",None,Financial Services,Full Stack Developer,"Technology, Information and Internet",Hyderabad,Hybrid,90 days,12.3,Applied,Shortlisted,Yes
C0350,Pooja Nair,30,Other,Mumbai,MCA,MCA,Information Technology,2022,3,2,Mid Level,Salesforce Developer,"SQL, JavaScript",SQL Certification,Business Consulting and Services,Salesforce Developer,Software Development,Chennai,Hybrid,15 days,6.7,Applied,Shortlisted,Yes
C0351,Vikram Joshi,28,Male,Chennai,M.Tech,M.Tech,Data Science,2016,0,0,Entry Level,Graduate / Trainee,"SQL, Git, Hadoop",None,Financial Services,IT Support Engineer,"Technology, Information and Internet",Chennai,Hybrid,30 days,4.6,Applied,Shortlisted,Yes
C0352,Ishaan Patel,26,Female,Noida,B.E.,B.E.,Electronics,2024,3,3,Mid Level,IT Support Engineer,"SQL, Git, JavaScript",SQL Certification,Software Development,IT Support Engineer,Software Development,Hyderabad,Hybrid,Immediate,7.9,Applied,Shortlisted,Yes
C0353,Aisha Nair,24,Female,Chennai,B.E.,B.E.,Computer Science,2021,3,3,Mid Level,Software Engineer,"Java, JavaScript, Git, SQL",SQL Certification,Business Consulting and Services,Software Engineer,IT Services and IT Consulting,Hyderabad,On-site,15 days,5.9,Applied,Shortlisted,Yes
C0354,Kavya Gupta,29,Other,Mumbai,BCA,BCA,Computer Applications,2024,3,3,Mid Level,IT Support Engineer,"SQL, Git, Power BI",Google Data Analytics,Software Development,IT Support Engineer,"Technology, Information and Internet",Gurugram,Hybrid,60 days,7.2,Applied,Shortlisted,Yes
C0355,Aisha Kumar,33,Female,Mumbai,BCA,BCA,Computer Applications,2016,9,8,Senior / Lead,Senior QA Engineer,"Selenium, Java, Python, Git",Java Certification,Business Consulting and Services,QA Engineer,Software Development,Mumbai,Hybrid,Immediate,13.5,Applied,Shortlisted,Yes
C0356,Priya Menon,33,Male,Chennai,M.Tech,M.Tech,Data Science,2017,7,7,Senior / Lead,Senior DevOps Engineer,"AWS, Docker, Kubernetes, Git, Node.js, Selenium",Selenium Automation Certification,Business Consulting and Services,DevOps Engineer,Software Development,Pune,Remote,90 days,9.8,Applied,Shortlisted,Yes
C0357,Varun Joshi,31,Male,Chennai,B.Sc,B.Sc,Information Technology,2021,5,5,Mid Level,IT Business Analyst,"SQL, Excel, Power BI, Node.js, AWS",AWS Certified Solutions Architect,Business Consulting and Services,IT Business Analyst,Software Development,Delhi,On-site,15 days,8.9,Applied,Shortlisted,Yes
C0358,Rahul Joshi,27,Female,Noida,B.E.,B.E.,Electronics,2017,4,3,Mid Level,Data Scientist,"Python, SQL, Machine Learning, Spark, Selenium, Tableau",Selenium Automation Certification,Business Consulting and Services,Data Scientist,IT Services and IT Consulting,Pune,Hybrid,Immediate,6.9,Applied,Shortlisted,Yes
C0359,Rohan Kumar,28,Male,Gurugram,MCA,MCA,Information Technology,2019,5,4,Mid Level,Business Intelligence Analyst,"SQL, Power BI, Excel, Tableau",Microsoft Power BI,IT Services and IT Consulting,Business Intelligence Analyst,"Technology, Information and Internet",Delhi,Hybrid,Immediate,9.6,Applied,Shortlisted,Yes
C0360,Pooja Nair,30,Other,Delhi,B.E.,B.E.,Computer Science,2016,2,2,Junior,Junior IT Support Engineer,"SQL, Git, Selenium, AWS",AWS Certified Cloud Practitioner,"Technology, Information and Internet",IT Support Engineer,IT Services and IT Consulting,Chennai,Remote,Immediate,4.4,Applied,Shortlisted,Yes
C0361,Kiran Gupta,31,Other,Hyderabad,M.Sc,M.Sc,Data Science,2023,5,4,Mid Level,Data Analyst,"Python, SQL, Excel, Power BI",Microsoft Power BI,"Technology, Information and Internet",Data Analyst,Software Development,Mumbai,On-site,15 days,7.6,Applied,Shortlisted,Yes
C0362,Priya Singh,28,Other,Mumbai,M.Sc,M.Sc,Information Technology,2019,1,0,Entry Level,Graduate / Trainee,"SQL, Python, Spark",SQL Certification,Business Consulting and Services,Database Engineer,"Technology, Information and Internet",Pune,On-site,90 days,2.5,Applied,Shortlisted,Yes
C0363,Pooja Joshi,27,Female,Bengaluru,M.Sc,M.Sc,Data Science,2019,3,3,Junior,Junior SAP Consultant,"SQL, Java",None,IT Services and IT Consulting,SAP Consultant,IT Services and IT Consulting,Bengaluru,Hybrid,60 days,6.0,Applied,Shortlisted,Yes
C0364,Kavya Patel,31,Female,Hyderabad,M.Tech,M.Tech,Data Science,2024,4,4,Mid Level,Salesforce Developer,"SQL, JavaScript, Docker",SQL Certification,Business Consulting and Services,Salesforce Developer,Software Development,Noida,Hybrid,30 days,9.0,Applied,Shortlisted,Yes
C0365,Rohan Das,27,Other,Delhi,B.Tech,B.Tech,Artificial Intelligence,2023,3,2,Mid Level,Software Engineer,"Java, JavaScript, Git, SQL, React",Java Certification,Financial Services,Software Engineer,"Technology, Information and Internet",Noida,On-site,90 days,7.1,Applied,Shortlisted,Yes
C0366,Aditya Patel,24,Female,Hyderabad,B.E.,B.E.,Computer Science,2025,3,2,Junior,Junior Cloud Engineer,"AWS, Azure, Docker, Kubernetes, Machine Learning",None,IT Services and IT Consulting,Cloud Engineer,Software Development,Gurugram,Remote,90 days,6.6,Applied,Shortlisted,Yes
C0367,Rahul Bose,26,Other,Pune,B.Sc,B.Sc,Computer Science,2015,5,5,Mid Level,Data Analyst,"Python, SQL",SQL Certification,"Technology, Information and Internet",Data Analyst,"Technology, Information and Internet",Bengaluru,Hybrid,Immediate,11.6,Applied,Shortlisted,Yes
C0368,Ishaan Patel,26,Male,Gurugram,BCA,BCA,Computer Applications,2022,1,1,Junior,Junior Frontend Developer,"JavaScript, React, Git, Machine Learning, GCP",None,IT Services and IT Consulting,Frontend Developer,Software Development,Mumbai,On-site,30 days,4.7,Applied,Shortlisted,Yes
C0369,Pooja Pillai,27,Female,Bengaluru,B.Sc,B.Sc,Computer Science,2016,1,0,Junior,Junior Database Engineer,"SQL, Python",SQL Certification,IT Services and IT Consulting,Database Engineer,IT Services and IT Consulting,Hyderabad,On-site,Immediate,4.8,Applied,Shortlisted,Yes
C0370,Aditya Joshi,28,Other,Gurugram,MCA,MCA,Information Technology,2014,0,0,Entry Level,Graduate / Trainee,"Selenium, Java, Python, Git, Tableau",Java Certification,Financial Services,QA Engineer,Software Development,Chennai,On-site,15 days,2.5,Applied,Shortlisted,Yes
C0371,Kavya Bose,24,Male,Bengaluru,B.Sc,B.Sc,Information Technology,2018,2,2,Junior,Junior Cybersecurity Analyst,"Python, SQL",SQL Certification,"Technology, Information and Internet",Cybersecurity Analyst,Software Development,Mumbai,Hybrid,60 days,6.6,Applied,Shortlisted,Yes
C0372,Ananya Gupta,34,Other,Chennai,M.Tech,M.Tech,Data Science,2020,6,6,Mid Level,Cloud Engineer,"AWS, Azure, Docker, Kubernetes, Tableau, Java",AWS Certified Cloud Practitioner,"Technology, Information and Internet",Cloud Engineer,"Technology, Information and Internet",Chennai,On-site,90 days,8.1,Applied,Shortlisted,Yes
C0373,Arjun Nair,21,Female,Hyderabad,M.Sc,M.Sc,Computer Science,2018,0,0,Entry Level,Graduate / Trainee,"SQL, Power BI, Excel, Tableau, AWS, React",AWS Certified Cloud Practitioner,IT Services and IT Consulting,Business Intelligence Analyst,IT Services and IT Consulting,Delhi,On-site,15 days,3.5,Applied,Shortlisted,Yes
C0374,Aisha Patel,29,Male,Mumbai,B.Tech,B.Tech,Artificial Intelligence,2022,6,6,Senior / Lead,Senior Frontend Developer,"JavaScript, React, Git, Artificial Intelligence, Kubernetes",None,Financial Services,Frontend Developer,"Technology, Information and Internet",Delhi,On-site,30 days,11.7,Applied,Shortlisted,Yes
C0375,Pooja Verma,28,Male,Chennai,M.Tech,M.Tech,Data Science,2018,1,1,Junior,Junior IT Support Engineer,"SQL, Git, Selenium",Selenium Automation Certification,Financial Services,IT Support Engineer,Software Development,Hyderabad,Remote,Immediate,5.0,Applied,Shortlisted,Yes
C0376,Neha Kumar,33,Female,Pune,BCA,BCA,Information Technology,2022,11,11,Senior / Lead,Senior Frontend Developer,"JavaScript, React",None,IT Services and IT Consulting,Frontend Developer,"Technology, Information and Internet",Hyderabad,Hybrid,60 days,13.8,Applied,Shortlisted,Yes
C0377,Kavya Reddy,24,Male,Bengaluru,B.Sc,B.Sc,Computer Science,2018,2,2,Junior,Junior Salesforce Developer,"SQL, JavaScript",SQL Certification,"Technology, Information and Internet",Salesforce Developer,"Technology, Information and Internet",Hyderabad,On-site,90 days,3.6,Applied,Shortlisted,Yes
C0378,Arjun Rao,32,Other,Pune,M.Sc,M.Sc,Data Science,2016,4,3,Mid Level,Software Engineer,"Java, JavaScript, Git, SQL, GCP",None,Business Consulting and Services,Software Engineer,"Technology, Information and Internet",Noida,Remote,Immediate,7.8,Applied,Shortlisted,Yes
C0379,Aisha Nair,27,Male,Pune,B.E.,B.E.,Computer Science,2016,1,1,Entry Level,Graduate / Trainee,"Python, SQL, Machine Learning, Spark, AWS, Node.js",None,Business Consulting and Services,Data Scientist,IT Services and IT Consulting,Pune,Hybrid,30 days,3.7,Applied,Shortlisted,Yes
C0380,Kiran Menon,23,Other,Delhi,M.Tech,M.Tech,Artificial Intelligence,2023,1,1,Junior,Junior AI Engineer,"Python, Artificial Intelligence, Machine Learning, AWS, Excel, Git",AWS Certified Cloud Practitioner,Business Consulting and Services,AI Engineer,Software Development,Delhi,Remote,Immediate,4.1,Applied,Shortlisted,Yes
C0381,Pooja Das,30,Female,Bengaluru,MCA,MCA,Information Technology,2017,5,4,Mid Level,Salesforce Developer,"SQL, JavaScript",SQL Certification,Financial Services,Salesforce Developer,Software Development,Hyderabad,Hybrid,90 days,8.7,Applied,Shortlisted,Yes
C0382,Aditya Pillai,38,Male,Chennai,BCA,BCA,Information Technology,2018,11,10,Senior / Lead,Senior Software Developer,"Java, JavaScript, Git, SQL, Artificial Intelligence, Power BI",None,IT Services and IT Consulting,Software Developer,"Technology, Information and Internet",Hyderabad,Hybrid,15 days,19.6,Applied,Shortlisted,Yes
C0383,Varun Kumar,28,Male,Bengaluru,B.E.,B.E.,Electronics,2020,4,3,Mid Level,AI Engineer,"Python, Artificial Intelligence, Machine Learning, AWS, JavaScript, Hadoop",Machine Learning Certificate,Financial Services,AI Engineer,"Technology, Information and Internet",Chennai,On-site,Immediate,5.8,Applied,Shortlisted,Yes
C0384,Vikram Singh,32,Female,Delhi,BCA,BCA,Computer Applications,2025,5,4,Mid Level,Data Scientist,"Python, SQL, Machine Learning, Spark",Google Advanced Data Analytics,Software Development,Data Scientist,Software Development,Mumbai,On-site,90 days,11.7,Applied,Shortlisted,Yes
C0385,Ishaan Das,29,Male,Pune,B.Sc,B.Sc,Data Science,2016,2,2,Junior,Junior Data Scientist,"Python, SQL, Machine Learning, Spark, Java, Azure",Machine Learning Certificate,Business Consulting and Services,Data Scientist,Software Development,Chennai,On-site,90 days,4.1,Applied,Shortlisted,Yes
C0386,Meera Patel,24,Female,Pune,B.Tech,B.Tech,Information Technology,2015,1,1,Entry Level,Graduate / Trainee,"JavaScript, React, Node.js, Git, Docker, AWS",AWS Certified Cloud Practitioner,Software Development,Full Stack Developer,Software Development,Pune,Hybrid,Immediate,4.2,Applied,Shortlisted,Yes
C0387,Rahul Iyer,25,Male,Bengaluru,B.E.,B.E.,Computer Science,2017,4,3,Mid Level,Software Developer,"Java, JavaScript, Git, SQL, Hadoop, Docker",SQL Certification,IT Services and IT Consulting,Software Developer,IT Services and IT Consulting,Delhi,Hybrid,15 days,5.7,Applied,Shortlisted,Yes
C0388,Kavya Rao,34,Male,Gurugram,B.Tech,B.Tech,Artificial Intelligence,2018,8,7,Senior / Lead,Senior Database Engineer,"SQL, Python, Spark, Kubernetes",None,Business Consulting and Services,Database Engineer,IT Services and IT Consulting,Chennai,On-site,15 days,12.3,Applied,Shortlisted,Yes
C0389,Sneha Verma,30,Female,Hyderabad,B.Sc,B.Sc,Data Science,2020,6,6,Mid Level,Full Stack Developer,"JavaScript, React, Node.js, Git, AWS, GCP",AWS Certified Solutions Architect,Business Consulting and Services,Full Stack Developer,Software Development,Noida,On-site,15 days,10.1,Applied,Shortlisted,Yes
C0390,Aarav Pillai,28,Male,Chennai,M.Tech,M.Tech,Computer Science,2022,0,0,Entry Level,Graduate / Trainee,"SQL, Git, Power BI",SQL Certification,IT Services and IT Consulting,IT Support Engineer,Software Development,Chennai,Hybrid,60 days,2.7,Applied,Shortlisted,Yes
C0391,Nisha Bose,28,Female,Pune,BCA,BCA,Information Technology,2019,4,3,Mid Level,Software Engineer,"Java, JavaScript, Git, SQL, Spark, Hadoop",Java Certification,IT Services and IT Consulting,Software Engineer,"Technology, Information and Internet",Bengaluru,Hybrid,60 days,7.2,Applied,Shortlisted,Yes
C0392,Vikram Singh,34,Other,Pune,BCA,BCA,Computer Applications,2015,11,11,Senior / Lead,Senior Salesforce Developer,"SQL, JavaScript",SQL Certification,Financial Services,Salesforce Developer,IT Services and IT Consulting,Pune,On-site,30 days,13.8,Applied,Shortlisted,Yes
C0393,Neha Joshi,29,Female,Noida,B.Tech,B.Tech,Information Technology,2022,3,2,Junior,Junior DevOps Engineer,"AWS, Docker, Kubernetes, Git",AWS Certified Solutions Architect,"Technology, Information and Internet",DevOps Engineer,Software Development,Delhi,Hybrid,30 days,6.9,Applied,Shortlisted,Yes
C0394,Priya Pillai,34,Other,Mumbai,M.Tech,M.Tech,Data Science,2021,6,5,Mid Level,SAP Consultant,"SQL, Java, GCP, Selenium",Selenium Automation Certification,Financial Services,SAP Consultant,IT Services and IT Consulting,Gurugram,On-site,90 days,13.4,Applied,Shortlisted,Yes
C0395,Sneha Kumar,25,Other,Noida,BCA,BCA,Computer Applications,2017,2,1,Junior,Junior Data Scientist,"Python, SQL, Machine Learning, Spark, Artificial Intelligence",Google Advanced Data Analytics,Business Consulting and Services,Data Scientist,Software Development,Bengaluru,On-site,90 days,8.0,Applied,Shortlisted,Yes
C0396,Varun Reddy,25,Male,Gurugram,MCA,MCA,Information Technology,2016,2,2,Junior,Junior Full Stack Developer,"JavaScript, React, Node.js, Git, Artificial Intelligence, Excel",None,"Technology, Information and Internet",Full Stack Developer,IT Services and IT Consulting,Delhi,On-site,Immediate,6.4,Applied,Shortlisted,Yes
C0397,Diya Patel,23,Male,Delhi,B.E.,B.E.,Electronics,2024,2,2,Junior,Junior Business Intelligence Analyst,"SQL, Power BI, Excel, Tableau, Machine Learning",Machine Learning Certificate,Financial Services,Business Intelligence Analyst,IT Services and IT Consulting,Hyderabad,Hybrid,Immediate,4.8,Applied,Shortlisted,Yes
C0398,Diya Das,37,Other,Pune,B.E.,B.E.,Electronics,2021,11,11,Senior / Lead,Senior Data Engineer,"Python, SQL, Spark, AWS, Docker, Power BI, Excel",Google Data Analytics,Business Consulting and Services,Data Engineer,Software Development,Delhi,On-site,15 days,15.0,Applied,Shortlisted,Yes
C0399,Pooja Menon,38,Female,Chennai,MCA,MCA,Computer Applications,2015,10,9,Senior / Lead,Senior QA Engineer,"Selenium, Java, Python",Java Certification,"Technology, Information and Internet",QA Engineer,Software Development,Chennai,Remote,15 days,15.4,Applied,Shortlisted,Yes
C0400,Sanjay Iyer,27,Male,Chennai,B.E.,B.E.,Electronics,2015,6,5,Mid Level,Backend Developer,"Java, Python, SQL, Git",SQL Certification,Financial Services,Backend Developer,Software Development,Chennai,On-site,15 days,13.9,Applied,Shortlisted,Yes
C0401,Arjun Pillai,36,Other,Delhi,M.Tech,M.Tech,Data Science,2023,11,10,Senior / Lead,Senior IT Support Engineer,"SQL, Git",SQL Certification,"Technology, Information and Internet",IT Support Engineer,"Technology, Information and Internet",Pune,On-site,90 days,16.1,Applied,Shortlisted,Yes
C0402,Aisha Nair,27,Male,Gurugram,MCA,MCA,Information Technology,2024,0,0,Entry Level,Graduate / Trainee,"SQL, Power BI, Excel, Tableau, Artificial Intelligence",None,Software Development,Business Intelligence Analyst,Software Development,Bengaluru,Hybrid,90 days,2.5,Applied,Shortlisted,Yes
C0403,Sneha Patel,30,Female,Mumbai,M.Tech,M.Tech,Computer Science,2021,2,2,Junior,Junior Backend Developer,"Java, Python, SQL, Git, Artificial Intelligence, Spark",Java Certification,"Technology, Information and Internet",Backend Developer,"Technology, Information and Internet",Hyderabad,On-site,90 days,3.1,Applied,Shortlisted,Yes
C0404,Meera Bose,34,Female,Hyderabad,B.Sc,B.Sc,Computer Science,2023,12,12,Senior / Lead,Senior AI Engineer,"Python, Artificial Intelligence, Machine Learning, AWS, Azure",Microsoft Azure Fundamentals,Business Consulting and Services,AI Engineer,"Technology, Information and Internet",Noida,Remote,15 days,19.3,Applied,Shortlisted,Yes
C0405,Rohan Singh,29,Other,Pune,B.E.,B.E.,Computer Science,2019,5,4,Mid Level,Cybersecurity Analyst,"Python, SQL, Git",None,"Technology, Information and Internet",Cybersecurity Analyst,"Technology, Information and Internet",Bengaluru,Hybrid,30 days,11.1,Applied,Shortlisted,Yes
C0406,Vikram Nair,29,Male,Pune,B.Tech,B.Tech,Information Technology,2015,2,1,Junior,Junior Backend Developer,"Java, Python, SQL, Git, Selenium, Node.js",Selenium Automation Certification,"Technology, Information and Internet",Backend Developer,"Technology, Information and Internet",Mumbai,On-site,60 days,6.7,Applied,Shortlisted,Yes
C0407,Aisha Bose,30,Other,Chennai,BCA,BCA,Computer Applications,2015,2,2,Junior,Junior IT Business Analyst,"SQL, Excel, Power BI, Tableau, Kubernetes",None,Business Consulting and Services,IT Business Analyst,Software Development,Mumbai,On-site,60 days,6.0,Applied,Shortlisted,Yes
C0408,Nisha Bose,33,Female,Hyderabad,B.E.,B.E.,Computer Science,2021,11,11,Senior / Lead,Senior Full Stack Developer,"JavaScript, React",None,Software Development,Full Stack Developer,Software Development,Gurugram,Hybrid,60 days,15.0,Applied,Shortlisted,Yes
C0409,Rohan Reddy,28,Male,Chennai,B.Tech,B.Tech,Computer Science,2015,3,3,Mid Level,QA Engineer,"Selenium, Java, Python",None,Software Development,QA Engineer,"Technology, Information and Internet",Delhi,Hybrid,90 days,4.4,Applied,Shortlisted,Yes
C0410,Arjun Verma,26,Female,Mumbai,MCA,MCA,Information Technology,2019,5,4,Mid Level,Database Engineer,"SQL, Python, Spark",SQL Certification,"Technology, Information and Internet",Database Engineer,"Technology, Information and Internet",Delhi,On-site,90 days,10.3,Applied,Shortlisted,Yes
C0411,Rohan Sharma,28,Other,Gurugram,M.Sc,M.Sc,Information Technology,2025,3,2,Junior,Junior IT Support Engineer,"SQL, Git",None,Software Development,IT Support Engineer,IT Services and IT Consulting,Hyderabad,Remote,60 days,6.6,Applied,Shortlisted,Yes
C0412,Meera Reddy,22,Male,Delhi,BCA,BCA,Computer Applications,2025,1,1,Entry Level,Graduate / Trainee,"Python, SQL, Machine Learning, Spark, Selenium",Machine Learning Certificate,IT Services and IT Consulting,Data Scientist,IT Services and IT Consulting,Bengaluru,Hybrid,15 days,5.1,Applied,Shortlisted,Yes
C0413,Sneha Reddy,27,Male,Mumbai,B.Sc,B.Sc,Information Technology,2021,1,1,Junior,Junior IT Business Analyst,"SQL, Excel, Power BI, Tableau, Node.js",None,Financial Services,IT Business Analyst,"Technology, Information and Internet",Bengaluru,Remote,90 days,2.5,Applied,Shortlisted,Yes
C0414,Ananya Bose,26,Other,Mumbai,BCA,BCA,Information Technology,2015,1,0,Entry Level,Graduate / Trainee,"SQL, Java",Java Certification,Software Development,SAP Consultant,IT Services and IT Consulting,Hyderabad,Hybrid,30 days,4.5,Applied,Shortlisted,Yes
C0415,Pooja Bose,26,Male,Noida,M.Sc,M.Sc,Computer Science,2019,2,2,Junior,Junior Data Scientist,"Python, SQL, Machine Learning, Spark, Power BI, Tableau",None,IT Services and IT Consulting,Data Scientist,Software Development,Chennai,Remote,15 days,5.6,Applied,Shortlisted,Yes
C0416,Arjun Menon,24,Other,Gurugram,BCA,BCA,Information Technology,2017,1,0,Entry Level,Graduate / Trainee,"SQL, Git",None,Financial Services,IT Support Engineer,"Technology, Information and Internet",Hyderabad,Hybrid,Immediate,3.6,Applied,Shortlisted,Yes
C0417,Sanjay Sharma,28,Other,Pune,MCA,MCA,Computer Applications,2015,6,5,Mid Level,Database Engineer,"SQL, Python, Spark, React, Excel",None,Business Consulting and Services,Database Engineer,IT Services and IT Consulting,Delhi,On-site,15 days,11.7,Applied,Shortlisted,Yes
C0418,Pooja Verma,27,Male,Gurugram,MCA,MCA,Information Technology,2015,6,6,Senior / Lead,Senior Data Analyst,"Python, SQL, Excel, Power BI",SQL Certification,Software Development,Data Analyst,"Technology, Information and Internet",Pune,On-site,15 days,7.4,Applied,Shortlisted,Yes
C0419,Diya Joshi,29,Other,Delhi,B.Sc,B.Sc,Computer Science,2020,5,5,Mid Level,IT Business Analyst,"SQL, Excel, Power BI, Git, Docker",SQL Certification,"Technology, Information and Internet",IT Business Analyst,"Technology, Information and Internet",Pune,Remote,60 days,6.9,Applied,Shortlisted,Yes
C0420,Diya Menon,25,Female,Mumbai,BCA,BCA,Information Technology,2023,1,0,Junior,Junior Data Scientist,"Python, SQL, Machine Learning, Spark",None,Business Consulting and Services,Data Scientist,Software Development,Mumbai,Hybrid,90 days,4.5,Applied,Shortlisted,Yes
C0421,Sanjay Rao,29,Female,Gurugram,B.Sc,B.Sc,Computer Science,2020,5,5,Mid Level,DevOps Engineer,"AWS, Docker",AWS Certified Solutions Architect,Financial Services,DevOps Engineer,"Technology, Information and Internet",Pune,Hybrid,Immediate,9.9,Applied,Shortlisted,Yes
C0422,Arjun Kumar,25,Male,Mumbai,BCA,BCA,Information Technology,2023,4,4,Mid Level,Data Analyst,"Python, SQL, Excel, Power BI, Tableau, AWS",Microsoft Power BI,Financial Services,Data Analyst,IT Services and IT Consulting,Chennai,On-site,15 days,6.0,Applied,Shortlisted,Yes
C0423,Arjun Verma,25,Male,Chennai,BCA,BCA,Information Technology,2014,0,0,Entry Level,Graduate / Trainee,"AWS, Docker, Kubernetes, Git, Selenium, Node.js",AWS Certified Cloud Practitioner,"Technology, Information and Internet",DevOps Engineer,IT Services and IT Consulting,Gurugram,Hybrid,30 days,3.8,Applied,Shortlisted,Yes
C0424,Aisha Verma,31,Female,Gurugram,B.Sc,B.Sc,Computer Science,2015,5,5,Mid Level,DevOps Engineer,"AWS, Docker, Kubernetes",AWS Certified Solutions Architect,"Technology, Information and Internet",DevOps Engineer,"Technology, Information and Internet",Pune,On-site,60 days,10.6,Applied,Shortlisted,Yes
C0425,Varun Joshi,28,Female,Gurugram,BCA,BCA,Computer Applications,2021,1,1,Entry Level,Graduate / Trainee,"Java, Python, SQL, Git, Excel",None,Software Development,Backend Developer,Software Development,Hyderabad,On-site,Immediate,2.5,Applied,Shortlisted,Yes
C0426,Kiran Gupta,31,Female,Delhi,MCA,MCA,Information Technology,2014,3,3,Junior,Junior Cybersecurity Analyst,"Python, SQL, Git, Docker, Kubernetes",SQL Certification,Financial Services,Cybersecurity Analyst,Software Development,Pune,Hybrid,Immediate,8.3,Applied,Shortlisted,Yes
C0427,Rohan Rao,30,Female,Mumbai,BCA,BCA,Information Technology,2023,2,1,Junior,Junior Data Scientist,"Python, SQL, Machine Learning, Spark, React",None,Financial Services,Data Scientist,"Technology, Information and Internet",Delhi,On-site,15 days,5.5,Applied,Shortlisted,Yes
C0428,Ishaan Kumar,26,Female,Chennai,B.Sc,B.Sc,Information Technology,2016,3,2,Mid Level,QA Engineer,"Selenium, Java, Python, Git, SQL, Azure",Java Certification,Software Development,QA Engineer,Software Development,Mumbai,Remote,30 days,8.9,Applied,Shortlisted,Yes
C0429,Priya Joshi,25,Other,Bengaluru,M.Tech,M.Tech,Data Science,2016,3,2,Junior,Junior Software Engineer,"Java, JavaScript, Git, SQL",SQL Certification,IT Services and IT Consulting,Software Engineer,Software Development,Mumbai,Hybrid,Immediate,6.1,Applied,Shortlisted,Yes
C0430,Meera Verma,26,Male,Noida,MCA,MCA,Computer Applications,2021,0,0,Entry Level,Graduate / Trainee,"Java, JavaScript, Git, SQL, Excel, Selenium",Selenium Automation Certification,Financial Services,Software Developer,IT Services and IT Consulting,Mumbai,On-site,90 days,5.2,Applied,Shortlisted,Yes
C0431,Priya Rao,28,Other,Bengaluru,BCA,BCA,Information Technology,2016,0,0,Entry Level,Graduate / Trainee,"SQL, Excel, Power BI",Google Data Analytics,Software Development,IT Business Analyst,Software Development,Hyderabad,Hybrid,Immediate,2.5,Applied,Shortlisted,Yes
C0432,Neha Sharma,31,Female,Noida,B.Sc,B.Sc,Information Technology,2021,8,7,Senior / Lead,Senior Data Analyst,"Python, SQL, Excel, Power BI, Tableau, Node.js, React",SQL Certification,Business Consulting and Services,Data Analyst,Software Development,Bengaluru,Hybrid,60 days,15.0,Applied,Shortlisted,Yes
C0433,Vikram Iyer,21,Male,Noida,M.Tech,M.Tech,Computer Science,2018,0,0,Entry Level,Graduate / Trainee,"JavaScript, React, Node.js, Git, Machine Learning, Azure",None,"Technology, Information and Internet",Full Stack Developer,"Technology, Information and Internet",Delhi,Remote,60 days,2.5,Applied,Shortlisted,Yes
C0434,Aarav Sharma,32,Female,Noida,M.Sc,M.Sc,Computer Science,2021,6,5,Senior / Lead,Senior Salesforce Developer,"SQL, JavaScript",None,Software Development,Salesforce Developer,IT Services and IT Consulting,Mumbai,Hybrid,Immediate,8.0,Applied,Shortlisted,Yes
C0435,Rohan Bose,36,Other,Pune,BCA,BCA,Computer Applications,2018,10,10,Senior / Lead,Senior Full Stack Developer,"JavaScript, React, Node.js, Git",None,Financial Services,Full Stack Developer,IT Services and IT Consulting,Gurugram,On-site,15 days,14.5,Applied,Shortlisted,Yes
C0436,Aditya Singh,25,Female,Bengaluru,B.Tech,B.Tech,Artificial Intelligence,2017,3,3,Mid Level,Cybersecurity Analyst,"Python, SQL, Git, GCP",SQL Certification,Software Development,Cybersecurity Analyst,"Technology, Information and Internet",Hyderabad,On-site,Immediate,6.3,Applied,Shortlisted,Yes
C0437,Sneha Sharma,26,Male,Bengaluru,BCA,BCA,Computer Applications,2016,1,0,Junior,Junior Frontend Developer,"JavaScript, React",None,"Technology, Information and Internet",Frontend Developer,Software Development,Noida,On-site,90 days,5.1,Applied,Shortlisted,Yes
C0438,Aisha Nair,28,Other,Delhi,B.E.,B.E.,Computer Science,2024,3,3,Junior,Junior Salesforce Developer,"SQL, JavaScript, Node.js",None,Software Development,Salesforce Developer,Software Development,Delhi,On-site,90 days,4.4,Applied,Shortlisted,Yes
C0439,Nisha Bose,31,Other,Chennai,M.Sc,M.Sc,Data Science,2019,6,5,Mid Level,Cybersecurity Analyst,"Python, SQL, Git, Azure",None,IT Services and IT Consulting,Cybersecurity Analyst,IT Services and IT Consulting,Hyderabad,Hybrid,30 days,11.0,Applied,Shortlisted,Yes
C0440,Nisha Patel,24,Female,Noida,BCA,BCA,Computer Applications,2023,3,2,Junior,Junior Backend Developer,"Java, Python",Java Certification,Financial Services,Backend Developer,"Technology, Information and Internet",Noida,Remote,Immediate,5.2,Applied,Shortlisted,Yes
C0441,Aarav Pillai,26,Male,Hyderabad,B.Tech,B.Tech,Artificial Intelligence,2022,3,3,Mid Level,Data Engineer,"Python, SQL, Spark, AWS, Docker",None,Financial Services,Data Engineer,"Technology, Information and Internet",Delhi,Hybrid,90 days,6.0,Applied,Shortlisted,Yes
C0442,Priya Pillai,32,Other,Mumbai,M.Sc,M.Sc,Information Technology,2014,4,3,Mid Level,Cybersecurity Analyst,"Python, SQL, Git, Excel, AWS",None,Business Consulting and Services,Cybersecurity Analyst,"Technology, Information and Internet",Gurugram,Remote,90 days,8.9,Applied,Shortlisted,Yes
C0443,Kiran Menon,25,Other,Chennai,M.Tech,M.Tech,Artificial Intelligence,2018,3,3,Junior,Junior Frontend Developer,"JavaScript, React",None,Software Development,Frontend Developer,Software Development,Mumbai,On-site,30 days,5.6,Applied,Shortlisted,Yes
C0444,Priya Menon,32,Other,Bengaluru,B.Sc,B.Sc,Data Science,2022,6,6,Mid Level,Data Scientist,"Python, SQL",SQL Certification,Financial Services,Data Scientist,"Technology, Information and Internet",Noida,Remote,30 days,11.2,Applied,Shortlisted,Yes
C0445,Ishaan Gupta,29,Male,Mumbai,B.Sc,B.Sc,Computer Science,2015,4,4,Mid Level,Cloud Engineer,"AWS, Azure, Docker, Kubernetes, Artificial Intelligence",None,"Technology, Information and Internet",Cloud Engineer,IT Services and IT Consulting,Gurugram,On-site,90 days,6.5,Applied,Shortlisted,Yes
C0446,Sanjay Das,31,Male,Chennai,B.Sc,B.Sc,Data Science,2025,6,5,Senior / Lead,Senior Machine Learning Engineer,"Python, Machine Learning, Docker, AWS, Tableau",None,Financial Services,Machine Learning Engineer,Software Development,Pune,On-site,30 days,9.7,Applied,Shortlisted,Yes
C0447,Nisha Sharma,30,Female,Gurugram,M.Tech,M.Tech,Computer Science,2020,3,3,Mid Level,Cybersecurity Analyst,"Python, SQL, Git",None,"Technology, Information and Internet",Cybersecurity Analyst,IT Services and IT Consulting,Pune,On-site,60 days,4.6,Applied,Shortlisted,Yes
C0448,Rahul Reddy,36,Other,Mumbai,M.Sc,M.Sc,Computer Science,2021,9,8,Senior / Lead,Senior Database Engineer,"SQL, Python, Spark, React",SQL Certification,Financial Services,Database Engineer,"Technology, Information and Internet",Bengaluru,Hybrid,15 days,15.0,Applied,Shortlisted,Yes
C0449,Arjun Rao,30,Other,Gurugram,M.Sc,M.Sc,Information Technology,2015,5,4,Mid Level,Machine Learning Engineer,"Python, Machine Learning",Google Advanced Data Analytics,Financial Services,Machine Learning Engineer,Software Development,Pune,On-site,Immediate,9.9,Applied,Shortlisted,Yes
C0450,Ananya Kumar,29,Male,Hyderabad,M.Tech,M.Tech,Computer Science,2024,6,6,Mid Level,Database Engineer,"SQL, Python, Spark, JavaScript",SQL Certification,Business Consulting and Services,Database Engineer,Software Development,Gurugram,Hybrid,60 days,10.1,Applied,Shortlisted,Yes
C0451,Aarav Singh,23,Male,Delhi,M.Sc,M.Sc,Computer Science,2018,2,2,Junior,Junior AI Engineer,"Python, Artificial Intelligence, Machine Learning, AWS, Hadoop, Docker",AWS Certified Cloud Practitioner,Software Development,AI Engineer,Software Development,Delhi,Remote,15 days,4.7,Applied,Shortlisted,Yes
C0452,Rahul Rao,31,Female,Pune,M.Tech,M.Tech,Data Science,2020,7,6,Senior / Lead,Senior SAP Consultant,"SQL, Java, Spark, Artificial Intelligence",Java Certification,"Technology, Information and Internet",SAP Consultant,IT Services and IT Consulting,Noida,On-site,30 days,10.9,Applied,Shortlisted,Yes
C0453,Varun Nair,30,Other,Pune,B.E.,B.E.,Electronics,2023,3,2,Mid Level,SAP Consultant,"SQL, Java, Machine Learning",Machine Learning Certificate,"Technology, Information and Internet",SAP Consultant,"Technology, Information and Internet",Chennai,Remote,15 days,5.1,Applied,Shortlisted,Yes
C0454,Aisha Pillai,21,Male,Gurugram,BCA,BCA,Computer Applications,2021,0,0,Entry Level,Graduate / Trainee,"Python, SQL, Git, React",None,"Technology, Information and Internet",Cybersecurity Analyst,Software Development,Mumbai,On-site,15 days,3.9,Applied,Shortlisted,Yes
C0455,Arjun Joshi,31,Female,Gurugram,B.Tech,B.Tech,Information Technology,2024,3,3,Mid Level,Software Developer,"Java, JavaScript, Git, SQL, Power BI, Python",None,IT Services and IT Consulting,Software Developer,IT Services and IT Consulting,Hyderabad,On-site,Immediate,7.6,Applied,Shortlisted,Yes
C0456,Kavya Joshi,26,Female,Mumbai,B.E.,B.E.,Information Technology,2018,3,3,Mid Level,Cybersecurity Analyst,"Python, SQL, Git, Excel",SQL Certification,Business Consulting and Services,Cybersecurity Analyst,Software Development,Gurugram,On-site,30 days,9.4,Applied,Shortlisted,Yes
C0457,Sanjay Gupta,28,Male,Gurugram,M.Tech,M.Tech,Computer Science,2020,6,6,Mid Level,Business Intelligence Analyst,"SQL, Power BI, Excel, Tableau, Node.js, Spark",Microsoft Power BI,"Technology, Information and Internet",Business Intelligence Analyst,"Technology, Information and Internet",Noida,Remote,Immediate,10.3,Applied,Shortlisted,Yes
C0458,Meera Nair,26,Female,Hyderabad,M.Tech,M.Tech,Data Science,2024,3,3,Mid Level,Salesforce Developer,"SQL, JavaScript",SQL Certification,Financial Services,Salesforce Developer,IT Services and IT Consulting,Hyderabad,Hybrid,60 days,6.9,Applied,Shortlisted,Yes
C0459,Kavya Pillai,26,Male,Mumbai,BCA,BCA,Computer Applications,2022,4,3,Mid Level,Salesforce Developer,"SQL, JavaScript, GCP",SQL Certification,Business Consulting and Services,Salesforce Developer,IT Services and IT Consulting,Gurugram,Hybrid,60 days,6.6,Applied,Shortlisted,Yes
C0460,Pooja Verma,30,Male,Bengaluru,M.Tech,M.Tech,Data Science,2014,4,3,Mid Level,Data Scientist,"Python, SQL, Machine Learning, Spark, Tableau",Machine Learning Certificate,Financial Services,Data Scientist,IT Services and IT Consulting,Chennai,On-site,90 days,10.0,Applied,Shortlisted,Yes
C0461,Kavya Das,25,Other,Gurugram,B.Sc,B.Sc,Data Science,2018,1,0,Junior,Junior Frontend Developer,"JavaScript, React",None,Financial Services,Frontend Developer,"Technology, Information and Internet",Chennai,On-site,15 days,4.2,Applied,Shortlisted,Yes
C0462,Neha Nair,31,Female,Chennai,B.Tech,B.Tech,Computer Science,2015,5,4,Mid Level,DevOps Engineer,"AWS, Docker, Kubernetes, Git",AWS Certified Cloud Practitioner,Business Consulting and Services,DevOps Engineer,Software Development,Mumbai,Remote,Immediate,8.0,Applied,Shortlisted,Yes
C0463,Ishaan Singh,25,Female,Chennai,B.Sc,B.Sc,Information Technology,2017,1,0,Entry Level,Graduate / Trainee,"JavaScript, React, Node.js, Git",None,Business Consulting and Services,Full Stack Developer,Software Development,Chennai,On-site,90 days,3.5,Applied,Shortlisted,Yes
C0464,Rahul Iyer,24,Male,Chennai,B.Tech,B.Tech,Computer Science,2024,3,2,Mid Level,Software Developer,"Java, JavaScript, Git, SQL, Node.js, Kubernetes",Java Certification,Financial Services,Software Developer,"Technology, Information and Internet",Noida,On-site,15 days,7.8,Applied,Shortlisted,Yes
C0465,Ishaan Patel,31,Other,Delhi,BCA,BCA,Information Technology,2018,3,3,Junior,Junior Salesforce Developer,"SQL, JavaScript",SQL Certification,IT Services and IT Consulting,Salesforce Developer,"Technology, Information and Internet",Delhi,Hybrid,90 days,7.2,Applied,Shortlisted,Yes
C0466,Aarav Menon,30,Other,Bengaluru,BCA,BCA,Information Technology,2014,6,5,Mid Level,Business Intelligence Analyst,"SQL, Power BI, Excel, Tableau, JavaScript, Git",SQL Certification,"Technology, Information and Internet",Business Intelligence Analyst,"Technology, Information and Internet",Pune,On-site,Immediate,11.6,Applied,Shortlisted,Yes
C0467,Aisha Singh,24,Male,Pune,M.Tech,M.Tech,Data Science,2019,3,2,Junior,Junior Cloud Engineer,"AWS, Azure, Docker, Kubernetes, Git",AWS Certified Solutions Architect,IT Services and IT Consulting,Cloud Engineer,Software Development,Hyderabad,On-site,Immediate,7.0,Applied,Shortlisted,Yes
C0468,Aarav Verma,25,Other,Noida,M.Sc,M.Sc,Data Science,2017,2,1,Junior,Junior Backend Developer,"Java, Python, SQL, Git, Spark",Java Certification,Financial Services,Backend Developer,"Technology, Information and Internet",Hyderabad,Remote,60 days,4.2,Applied,Shortlisted,Yes
C0469,Aditya Reddy,27,Male,Delhi,B.E.,B.E.,Electronics,2025,4,3,Mid Level,Machine Learning Engineer,"Python, Machine Learning, Docker, AWS, SQL, Azure",Microsoft Azure Fundamentals,"Technology, Information and Internet",Machine Learning Engineer,Software Development,Mumbai,On-site,30 days,9.2,Applied,Shortlisted,Yes
C0470,Rohan Pillai,33,Male,Bengaluru,B.E.,B.E.,Electronics,2020,5,4,Mid Level,Data Scientist,"Python, SQL, Machine Learning, Spark, Artificial Intelligence, Node.js",Google Advanced Data Analytics,Financial Services,Data Scientist,"Technology, Information and Internet",Gurugram,Hybrid,60 days,8.1,Applied,Shortlisted,Yes
C0471,Sneha Bose,34,Female,Pune,M.Sc,M.Sc,Data Science,2017,11,10,Senior / Lead,Senior Cybersecurity Analyst,"Python, SQL",None,Business Consulting and Services,Cybersecurity Analyst,Software Development,Noida,Remote,60 days,15.0,Applied,Shortlisted,Yes
C0472,Priya Singh,28,Female,Delhi,MCA,MCA,Computer Applications,2025,1,0,Entry Level,Graduate / Trainee,"Selenium, Java, Python, Git",None,IT Services and IT Consulting,QA Engineer,"Technology, Information and Internet",Mumbai,Hybrid,90 days,3.2,Applied,Shortlisted,Yes
C0473,Kiran Verma,28,Male,Mumbai,M.Tech,M.Tech,Artificial Intelligence,2015,0,0,Entry Level,Graduate / Trainee,"AWS, Docker, Kubernetes, Git, GCP",AWS Certified Cloud Practitioner,Financial Services,DevOps Engineer,Software Development,Gurugram,Remote,Immediate,4.3,Applied,Shortlisted,Yes
C0474,Rahul Iyer,29,Male,Mumbai,B.Tech,B.Tech,Artificial Intelligence,2022,3,2,Mid Level,IT Support Engineer,"SQL, Git, Hadoop",SQL Certification,"Technology, Information and Internet",IT Support Engineer,"Technology, Information and Internet",Chennai,On-site,60 days,7.2,Applied,Shortlisted,Yes
C0475,Pooja Nair,33,Male,Chennai,BCA,BCA,Information Technology,2014,5,4,Mid Level,Database Engineer,"SQL, Python",SQL Certification,"Technology, Information and Internet",Database Engineer,Software Development,Delhi,Hybrid,60 days,8.4,Applied,Shortlisted,Yes
C0476,Vikram Kumar,29,Female,Gurugram,M.Sc,M.Sc,Information Technology,2024,2,1,Junior,Junior Full Stack Developer,"JavaScript, React",None,Financial Services,Full Stack Developer,"Technology, Information and Internet",Noida,On-site,60 days,2.9,Applied,Not Shortlisted,Yes
C0477,Vikram Gupta,29,Male,Bengaluru,M.Sc,M.Sc,Information Technology,2014,4,3,Mid Level,AI Engineer,"Python, Artificial Intelligence, Machine Learning, AWS, Tableau, Java",Machine Learning Certificate,Business Consulting and Services,AI Engineer,IT Services and IT Consulting,Hyderabad,On-site,30 days,8.4,Applied,Shortlisted,Yes
C0478,Diya Patel,27,Other,Hyderabad,M.Sc,M.Sc,Data Science,2017,2,1,Junior,Junior Full Stack Developer,"JavaScript, React, Node.js, Git, Kubernetes",None,Software Development,Full Stack Developer,Software Development,Bengaluru,On-site,60 days,6.4,Applied,Shortlisted,Yes
C0479,Priya Nair,28,Other,Pune,B.Sc,B.Sc,Data Science,2016,1,0,Entry Level,Graduate / Trainee,"Java, JavaScript, Git",Java Certification,Financial Services,Software Developer,IT Services and IT Consulting,Pune,On-site,60 days,2.5,Applied,Shortlisted,Yes
C0480,Varun Singh,28,Female,Chennai,M.Sc,M.Sc,Computer Science,2018,1,1,Entry Level,Graduate / Trainee,"SQL, JavaScript, Git, Azure",Microsoft Azure Fundamentals,"Technology, Information and Internet",Salesforce Developer,"Technology, Information and Internet",Hyderabad,On-site,Immediate,6.2,Applied,Shortlisted,Yes
C0481,Neha Joshi,22,Male,Pune,BCA,BCA,Computer Applications,2015,0,0,Entry Level,Graduate / Trainee,"Java, JavaScript, Git",None,Business Consulting and Services,Software Developer,"Technology, Information and Internet",Chennai,On-site,60 days,4.3,Applied,Shortlisted,Yes
C0482,Rahul Nair,23,Female,Hyderabad,M.Tech,M.Tech,Artificial Intelligence,2016,1,0,Entry Level,Graduate / Trainee,"Python, Artificial Intelligence, Machine Learning, AWS",None,Financial Services,AI Engineer,"Technology, Information and Internet",Bengaluru,Remote,Immediate,3.7,Applied,Shortlisted,Yes
C0483,Kavya Reddy,21,Male,Noida,B.Tech,B.Tech,Artificial Intelligence,2015,0,0,Entry Level,Graduate / Trainee,"Java, JavaScript, Git, SQL, GCP, Azure",Java Certification,Financial Services,Software Engineer,"Technology, Information and Internet",Gurugram,Remote,Immediate,5.4,Applied,Shortlisted,Yes
C0484,Priya Iyer,22,Other,Bengaluru,M.Sc,M.Sc,Computer Science,2024,0,0,Entry Level,Graduate / Trainee,"Python, SQL, Spark, AWS",None,Business Consulting and Services,Data Engineer,Software Development,Mumbai,Remote,60 days,2.5,Applied,Shortlisted,Yes
C0485,Rohan Pillai,33,Other,Noida,B.Sc,B.Sc,Information Technology,2021,5,4,Mid Level,IT Business Analyst,"SQL, Excel, Power BI",Google Data Analytics,Business Consulting and Services,IT Business Analyst,IT Services and IT Consulting,Noida,On-site,Immediate,7.1,Applied,Shortlisted,Yes
C0486,Pooja Verma,27,Female,Delhi,B.E.,B.E.,Electronics,2025,1,0,Junior,Junior AI Engineer,"Python, Artificial Intelligence, Machine Learning, AWS, SQL, GCP",SQL Certification,Business Consulting and Services,AI Engineer,"Technology, Information and Internet",Pune,Hybrid,15 days,3.3,Applied,Shortlisted,Yes
C0487,Ananya Iyer,24,Other,Bengaluru,BCA,BCA,Information Technology,2024,3,3,Junior,Junior Cybersecurity Analyst,"Python, SQL, Git",SQL Certification,Financial Services,Cybersecurity Analyst,"Technology, Information and Internet",Chennai,Remote,30 days,6.0,Applied,Shortlisted,Yes
C0488,Sneha Das,31,Other,Gurugram,B.Sc,B.Sc,Information Technology,2014,3,2,Junior,Junior Backend Developer,"Java, Python, SQL, Git",Java Certification,Financial Services,Backend Developer,Software Development,Hyderabad,Hybrid,15 days,7.9,Applied,Shortlisted,Yes
C0489,Ananya Nair,24,Male,Bengaluru,M.Tech,M.Tech,Computer Science,2016,1,0,Junior,Junior DevOps Engineer,"AWS, Docker, Kubernetes, Git, Spark, SQL",AWS Certified Solutions Architect,Financial Services,DevOps Engineer,Software Development,Mumbai,On-site,90 days,4.3,Applied,Shortlisted,Yes
C0490,Sneha Patel,29,Other,Chennai,M.Tech,M.Tech,Computer Science,2022,2,1,Junior,Junior SAP Consultant,"SQL, Java, GCP",Java Certification,Software Development,SAP Consultant,Software Development,Delhi,On-site,60 days,6.1,Applied,Shortlisted,Yes
C0491,Kavya Nair,24,Male,Noida,B.Sc,B.Sc,Data Science,2023,1,0,Junior,Junior IT Business Analyst,"SQL, Excel",SQL Certification,IT Services and IT Consulting,IT Business Analyst,Software Development,Pune,Remote,Immediate,4.7,Applied,Shortlisted,Yes
C0492,Sanjay Patel,33,Male,Noida,MCA,MCA,Computer Applications,2025,6,5,Mid Level,Cloud Engineer,"AWS, Azure, Docker",AWS Certified Cloud Practitioner,Business Consulting and Services,Cloud Engineer,Software Development,Noida,Hybrid,15 days,10.8,Applied,Shortlisted,Yes
C0493,Pooja Das,28,Other,Mumbai,BCA,BCA,Computer Applications,2024,3,3,Mid Level,Machine Learning Engineer,"Python, Machine Learning, Docker, AWS, Tableau",Google Advanced Data Analytics,Business Consulting and Services,Machine Learning Engineer,"Technology, Information and Internet",Pune,Remote,Immediate,4.8,Applied,Shortlisted,Yes
C0494,Sanjay Menon,25,Other,Gurugram,BCA,BCA,Information Technology,2020,1,0,Junior,Junior IT Business Analyst,"SQL, Excel",None,"Technology, Information and Internet",IT Business Analyst,IT Services and IT Consulting,Gurugram,On-site,30 days,5.2,Applied,Shortlisted,Yes
C0495,Ananya Nair,24,Female,Gurugram,B.E.,B.E.,Computer Science,2016,3,2,Junior,Junior Data Engineer,"Python, SQL, Spark, AWS, Docker",None,Financial Services,Data Engineer,"Technology, Information and Internet",Hyderabad,Remote,30 days,7.1,Applied,Shortlisted,Yes
C0496,Sanjay Iyer,29,Other,Gurugram,B.E.,B.E.,Computer Science,2025,6,6,Senior / Lead,Senior IT Business Analyst,"SQL, Excel, Power BI, React",None,Business Consulting and Services,IT Business Analyst,Software Development,Gurugram,Remote,15 days,11.1,Applied,Shortlisted,Yes
C0497,Diya Bose,31,Male,Pune,M.Tech,M.Tech,Artificial Intelligence,2016,5,4,Mid Level,AI Engineer,"Python, Artificial Intelligence, Machine Learning, AWS",None,Software Development,AI Engineer,IT Services and IT Consulting,Pune,Hybrid,90 days,10.2,Applied,Shortlisted,Yes
C0498,Kavya Joshi,21,Other,Delhi,B.Tech,B.Tech,Artificial Intelligence,2023,0,0,Entry Level,Graduate / Trainee,"Python, SQL, Machine Learning, Spark, Excel, Git",SQL Certification,Financial Services,Data Scientist,Software Development,Chennai,On-site,15 days,2.5,Applied,Shortlisted,Yes
C0499,Pooja Pillai,27,Female,Mumbai,M.Tech,M.Tech,Data Science,2015,0,0,Entry Level,Graduate / Trainee,"SQL, Excel, Power BI",None,Software Development,IT Business Analyst,"Technology, Information and Internet",Bengaluru,Hybrid,60 days,4.8,Applied,Shortlisted,Yes
C0500,Nisha Rao,24,Female,Pune,B.Tech,B.Tech,Artificial Intelligence,2021,0,0,Entry Level,Graduate / Trainee,"Java, JavaScript, Git, SQL, Machine Learning",Google Advanced Data Analytics,Financial Services,Software Developer,IT Services and IT Consulting,Bengaluru,On-site,Immediate,6.3,Applied,Shortlisted,Yes
C0501,Ishaan Nair,33,Male,Mumbai,B.Tech,B.Tech,Artificial Intelligence,2022,5,4,Mid Level,QA Engineer,"Selenium, Java, Python, Git",Selenium Automation Certification,Business Consulting and Services,QA Engineer,"Technology, Information and Internet",Hyderabad,On-site,15 days,8.4,Applied,Shortlisted,Yes
C0502,Meera Rao,26,Female,Mumbai,B.E.,B.E.,Electronics,2023,0,0,Entry Level,Graduate / Trainee,"SQL, JavaScript",SQL Certification,IT Services and IT Consulting,Salesforce Developer,IT Services and IT Consulting,Pune,Hybrid,90 days,6.9,Applied,Shortlisted,Yes
C0503,Ishaan Sharma,29,Other,Pune,B.Tech,B.Tech,Information Technology,2024,2,1,Junior,Junior Frontend Developer,"JavaScript, React, Git",None,Software Development,Frontend Developer,IT Services and IT Consulting,Gurugram,Remote,90 days,4.6,Applied,Shortlisted,Yes
C0504,Meera Gupta,27,Female,Chennai,B.Sc,B.Sc,Information Technology,2021,0,0,Entry Level,Graduate / Trainee,"Python, SQL, Excel, Power BI, Tableau",Microsoft Power BI,Software Development,Data Analyst,"Technology, Information and Internet",Delhi,On-site,60 days,2.5,Applied,Shortlisted,Yes
C0505,Aarav Patel,26,Other,Mumbai,B.Tech,B.Tech,Computer Science,2025,1,0,Entry Level,Graduate / Trainee,"SQL, Power BI",None,"Technology, Information and Internet",Business Intelligence Analyst,"Technology, Information and Internet",Noida,Hybrid,15 days,7.1,Applied,Not Shortlisted,Yes
C0506,Aditya Nair,28,Male,Mumbai,MCA,MCA,Information Technology,2020,1,1,Entry Level,Graduate / Trainee,"Python, Artificial Intelligence, Machine Learning, AWS",AWS Certified Solutions Architect,Software Development,AI Engineer,"Technology, Information and Internet",Noida,Remote,15 days,4.5,Applied,Shortlisted,Yes
C0507,Pooja Singh,29,Other,Noida,B.Sc,B.Sc,Data Science,2018,6,5,Mid Level,Frontend Developer,"JavaScript, React, Git",None,Software Development,Frontend Developer,IT Services and IT Consulting,Delhi,Remote,15 days,10.3,Applied,Shortlisted,Yes
C0508,Arjun Menon,28,Male,Hyderabad,M.Sc,M.Sc,Information Technology,2023,6,5,Senior / Lead,Senior Business Intelligence Analyst,"SQL, Power BI, Excel, Tableau, Hadoop",SQL Certification,"Technology, Information and Internet",Business Intelligence Analyst,"Technology, Information and Internet",Bengaluru,On-site,60 days,10.3,Applied,Shortlisted,Yes
C0509,Arjun Rao,25,Male,Delhi,BCA,BCA,Information Technology,2014,0,0,Entry Level,Graduate / Trainee,"SQL, JavaScript",SQL Certification,"Technology, Information and Internet",Salesforce Developer,Software Development,Delhi,Hybrid,30 days,4.8,Applied,Shortlisted,Yes
C0510,Sanjay Singh,28,Other,Gurugram,M.Tech,M.Tech,Data Science,2014,1,0,Entry Level,Graduate / Trainee,"SQL, Git, Machine Learning, Hadoop",SQL Certification,IT Services and IT Consulting,IT Support Engineer,Software Development,Noida,Hybrid,30 days,2.7,Applied,Shortlisted,Yes
C0511,Aditya Iyer,28,Female,Delhi,B.Tech,B.Tech,Artificial Intelligence,2018,4,3,Mid Level,Backend Developer,"Java, Python, SQL, Git, JavaScript, Spark",None,IT Services and IT Consulting,Backend Developer,Software Development,Delhi,Remote,90 days,6.7,Applied,Shortlisted,Yes
C0512,Aisha Reddy,31,Female,Hyderabad,BCA,BCA,Information Technology,2016,6,6,Mid Level,Data Engineer,"Python, SQL, Spark, AWS, Docker, Machine Learning, Selenium",SQL Certification,Financial Services,Data Engineer,"Technology, Information and Internet",Noida,Hybrid,Immediate,8.6,Applied,Shortlisted,Yes
C0513,Priya Sharma,27,Male,Hyderabad,M.Sc,M.Sc,Information Technology,2016,5,5,Mid Level,Data Scientist,"Python, SQL, Machine Learning, Spark",Machine Learning Certificate,Software Development,Data Scientist,IT Services and IT Consulting,Mumbai,On-site,15 days,10.2,Applied,Shortlisted,Yes
C0514,Sanjay Menon,24,Other,Gurugram,B.Sc,B.Sc,Data Science,2019,0,0,Entry Level,Graduate / Trainee,"Python, SQL, Git",SQL Certification,Business Consulting and Services,Cybersecurity Analyst,IT Services and IT Consulting,Delhi,Hybrid,30 days,2.5,Applied,Shortlisted,Yes
C0515,Aisha Bose,31,Male,Mumbai,B.Tech,B.Tech,Artificial Intelligence,2014,6,6,Mid Level,IT Business Analyst,"SQL, Excel, Power BI",Microsoft Power BI,"Technology, Information and Internet",IT Business Analyst,IT Services and IT Consulting,Gurugram,Hybrid,15 days,8.7,Applied,Shortlisted,Yes
C0516,Priya Joshi,27,Female,Hyderabad,MCA,MCA,Information Technology,2024,4,3,Mid Level,Database Engineer,"SQL, Python",None,Software Development,Database Engineer,Software Development,Delhi,Hybrid,15 days,6.9,Applied,Shortlisted,Yes
C0517,Aarav Singh,28,Male,Chennai,B.Tech,B.Tech,Information Technology,2016,4,4,Mid Level,Database Engineer,"SQL, Python, Spark, Node.js, Selenium",SQL Certification,Business Consulting and Services,Database Engineer,Software Development,Gurugram,On-site,90 days,8.5,Applied,Shortlisted,Yes
C0518,Ananya Iyer,26,Female,Delhi,BCA,BCA,Computer Applications,2021,1,0,Entry Level,Graduate / Trainee,"Java, JavaScript, Git",Java Certification,Business Consulting and Services,Software Engineer,"Technology, Information and Internet",Mumbai,On-site,15 days,3.1,Applied,Shortlisted,Yes
C0519,Ananya Gupta,24,Female,Bengaluru,B.Sc,B.Sc,Information Technology,2015,2,1,Junior,Junior Frontend Developer,"JavaScript, React, Git, Docker",None,Business Consulting and Services,Frontend Developer,IT Services and IT Consulting,Hyderabad,On-site,30 days,6.8,Applied,Shortlisted,Yes
C0520,Kavya Verma,22,Female,Mumbai,M.Tech,M.Tech,Data Science,2022,0,0,Entry Level,Graduate / Trainee,"AWS, Docker, Kubernetes, Git",AWS Certified Solutions Architect,"Technology, Information and Internet",DevOps Engineer,Software Development,Mumbai,Remote,90 days,4.3,Applied,Shortlisted,Yes
C0521,Meera Pillai,26,Female,Noida,BCA,BCA,Information Technology,2019,5,4,Mid Level,Cybersecurity Analyst,"Python, SQL, Git, Docker, Power BI",None,Financial Services,Cybersecurity Analyst,"Technology, Information and Internet",Pune,On-site,15 days,7.2,Applied,Shortlisted,Yes
C0522,Vikram Sharma,29,Other,Bengaluru,B.E.,B.E.,Computer Science,2020,3,3,Junior,Junior Business Intelligence Analyst,"SQL, Power BI, Excel, Tableau, Docker",Google Data Analytics,Business Consulting and Services,Business Intelligence Analyst,IT Services and IT Consulting,Pune,On-site,Immediate,9.0,Applied,Shortlisted,Yes
C0523,Aisha Reddy,29,Other,Mumbai,B.Sc,B.Sc,Data Science,2015,6,6,Mid Level,Software Engineer,"Java, JavaScript, Git, SQL, Artificial Intelligence, React",SQL Certification,"Technology, Information and Internet",Software Engineer,IT Services and IT Consulting,Hyderabad,Remote,Immediate,9.5,Applied,Shortlisted,Yes
C0524,Nisha Pillai,27,Other,Bengaluru,B.Sc,B.Sc,Information Technology,2025,3,3,Junior,Junior QA Engineer,"Selenium, Java, Python",Selenium Automation Certification,"Technology, Information and Internet",QA Engineer,IT Services and IT Consulting,Chennai,Hybrid,15 days,7.2,Applied,Shortlisted,Yes
C0525,Aditya Gupta,27,Male,Hyderabad,B.Tech,B.Tech,Information Technology,2023,6,6,Mid Level,Salesforce Developer,"SQL, JavaScript, Spark",SQL Certification,Business Consulting and Services,Salesforce Developer,IT Services and IT Consulting,Bengaluru,On-site,Immediate,9.7,Applied,Shortlisted,Yes
C0526,Aditya Sharma,28,Male,Pune,MCA,MCA,Information Technology,2016,4,4,Mid Level,Software Developer,"Java, JavaScript, Git, SQL",Java Certification,"Technology, Information and Internet",Software Developer,"Technology, Information and Internet",Hyderabad,On-site,90 days,6.5,Applied,Shortlisted,Yes
C0527,Vikram Reddy,26,Female,Hyderabad,B.Tech,B.Tech,Artificial Intelligence,2019,4,3,Mid Level,Machine Learning Engineer,"Python, Machine Learning, Docker, AWS, Hadoop, GCP",Google Advanced Data Analytics,"Technology, Information and Internet",Machine Learning Engineer,IT Services and IT Consulting,Gurugram,Remote,90 days,4.3,Applied,Shortlisted,Yes
C0528,Aarav Gupta,27,Female,Hyderabad,M.Sc,M.Sc,Computer Science,2024,6,6,Mid Level,Data Scientist,"Python, SQL, Machine Learning, Spark",SQL Certification,IT Services and IT Consulting,Data Scientist,IT Services and IT Consulting,Noida,On-site,Immediate,9.5,Applied,Shortlisted,Yes
C0529,Diya Das,23,Other,Pune,B.E.,B.E.,Electronics,2018,0,0,Entry Level,Graduate / Trainee,"Python, Machine Learning, Docker, AWS, Azure",Google Advanced Data Analytics,Financial Services,Machine Learning Engineer,Software Development,Pune,On-site,90 days,3.7,Applied,Shortlisted,Yes
C0530,Kiran Gupta,30,Other,Gurugram,B.E.,B.E.,Computer Science,2022,2,2,Junior,Junior Data Engineer,"Python, SQL, Spark, AWS",AWS Certified Cloud Practitioner,IT Services and IT Consulting,Data Engineer,Software Development,Noida,Remote,60 days,8.2,Applied,Shortlisted,Yes
C0531,Aarav Pillai,29,Other,Delhi,B.E.,B.E.,Computer Science,2023,1,0,Junior,Junior AI Engineer,"Python, Artificial Intelligence, Machine Learning, AWS",None,Financial Services,AI Engineer,"Technology, Information and Internet",Bengaluru,On-site,Immediate,6.4,Applied,Shortlisted,Yes
C0532,Kavya Sharma,31,Female,Gurugram,B.E.,B.E.,Electronics,2024,6,6,Mid Level,IT Business Analyst,"SQL, Excel, Power BI, Selenium",Google Data Analytics,"Technology, Information and Internet",IT Business Analyst,IT Services and IT Consulting,Chennai,On-site,15 days,9.5,Applied,Shortlisted,Yes
C0533,Aisha Singh,24,Female,Bengaluru,B.Sc,B.Sc,Computer Science,2023,0,0,Entry Level,Graduate / Trainee,"SQL, Power BI, Excel, Tableau",Microsoft Power BI,Financial Services,Business Intelligence Analyst,Software Development,Hyderabad,On-site,90 days,2.6,Applied,Shortlisted,Yes
C0534,Ananya Das,31,Other,Delhi,B.Tech,B.Tech,Artificial Intelligence,2015,8,7,Senior / Lead,Senior Database Engineer,"SQL, Python, Spark, Docker",SQL Certification,Business Consulting and Services,Database Engineer,Software Development,Pune,Hybrid,30 days,14.5,Applied,Shortlisted,Yes
C0535,Priya Singh,25,Female,Bengaluru,MCA,MCA,Information Technology,2014,3,2,Mid Level,Machine Learning Engineer,"Python, Machine Learning, Docker, AWS, Selenium, Hadoop",AWS Certified Solutions Architect,IT Services and IT Consulting,Machine Learning Engineer,Software Development,Chennai,Remote,60 days,7.4,Applied,Shortlisted,Yes
C0536,Ananya Nair,28,Female,Chennai,BCA,BCA,Computer Applications,2023,0,0,Entry Level,Graduate / Trainee,"Python, SQL, Excel",SQL Certification,"Technology, Information and Internet",Data Analyst,Software Development,Gurugram,Hybrid,30 days,3.5,Applied,Shortlisted,Yes
C0537,Aarav Gupta,28,Male,Pune,MCA,MCA,Information Technology,2018,6,6,Senior / Lead,Senior Database Engineer,"SQL, Python",None,Business Consulting and Services,Database Engineer,Software Development,Gurugram,Remote,Immediate,10.1,Applied,Shortlisted,Yes
C0538,Varun Rao,37,Female,Pune,BCA,BCA,Information Technology,2019,10,10,Senior / Lead,Senior AI Engineer,"Python, Artificial Intelligence",None,Business Consulting and Services,AI Engineer,"Technology, Information and Internet",Hyderabad,On-site,15 days,15.6,Applied,Not Shortlisted,Yes
C0539,Neha Rao,27,Other,Chennai,M.Tech,M.Tech,Computer Science,2014,0,0,Entry Level,Graduate / Trainee,"JavaScript, React, Git, Azure",None,Business Consulting and Services,Frontend Developer,IT Services and IT Consulting,Mumbai,Remote,Immediate,3.7,Applied,Shortlisted,Yes
C0540,Neha Nair,25,Female,Delhi,M.Tech,M.Tech,Data Science,2023,0,0,Entry Level,Graduate / Trainee,"SQL, JavaScript, Machine Learning",None,Software Development,Salesforce Developer,"Technology, Information and Internet",Gurugram,Hybrid,30 days,3.0,Applied,Shortlisted,Yes
C0541,Pooja Das,28,Female,Mumbai,M.Sc,M.Sc,Computer Science,2025,6,6,Mid Level,SAP Consultant,"SQL, Java, React",None,Financial Services,SAP Consultant,Software Development,Bengaluru,Hybrid,15 days,12.4,Applied,Shortlisted,Yes
C0542,Vikram Nair,24,Male,Bengaluru,MCA,MCA,Computer Applications,2025,3,2,Junior,Junior Business Intelligence Analyst,"SQL, Power BI, Excel, Tableau",SQL Certification,IT Services and IT Consulting,Business Intelligence Analyst,Software Development,Pune,Remote,Immediate,8.4,Applied,Shortlisted,Yes
C0543,Diya Patel,29,Other,Chennai,B.Tech,B.Tech,Computer Science,2023,4,4,Mid Level,Cloud Engineer,"AWS, Azure",AWS Certified Solutions Architect,Software Development,Cloud Engineer,Software Development,Pune,Remote,30 days,4.4,Applied,Shortlisted,Yes
C0544,Priya Sharma,27,Other,Gurugram,B.Sc,B.Sc,Data Science,2015,4,4,Mid Level,Business Intelligence Analyst,"SQL, Power BI, Excel, Tableau",None,Business Consulting and Services,Business Intelligence Analyst,Software Development,Chennai,Remote,90 days,6.1,Applied,Shortlisted,Yes
C0545,Aisha Pillai,28,Female,Hyderabad,BCA,BCA,Information Technology,2025,5,4,Mid Level,Software Developer,"Java, JavaScript, Git, SQL, Excel",SQL Certification,Financial Services,Software Developer,"Technology, Information and Internet",Mumbai,Hybrid,90 days,8.9,Applied,Shortlisted,Yes
C0546,Nisha Iyer,25,Other,Hyderabad,BCA,BCA,Computer Applications,2022,0,0,Entry Level,Graduate / Trainee,"Java, Python, SQL, Git",SQL Certification,Business Consulting and Services,Backend Developer,Software Development,Hyderabad,Hybrid,60 days,2.5,Applied,Shortlisted,Yes
C0547,Sanjay Gupta,23,Female,Chennai,M.Tech,M.Tech,Data Science,2019,1,0,Junior,Junior Full Stack Developer,"JavaScript, React, Node.js, Git, Machine Learning, Kubernetes",None,Software Development,Full Stack Developer,IT Services and IT Consulting,Gurugram,Remote,15 days,2.5,Applied,Shortlisted,Yes
C0548,Arjun Sharma,37,Male,Mumbai,BCA,BCA,Computer Applications,2023,9,9,Senior / Lead,Senior Cloud Engineer,"AWS, Azure, Docker, Kubernetes",None,"Technology, Information and Internet",Cloud Engineer,Software Development,Chennai,Remote,Immediate,12.5,Applied,Shortlisted,Yes
C0549,Rahul Joshi,25,Other,Hyderabad,B.Tech,B.Tech,Artificial Intelligence,2023,2,1,Junior,Junior Database Engineer,"SQL, Python",SQL Certification,Software Development,Database Engineer,IT Services and IT Consulting,Chennai,On-site,60 days,6.4,Applied,Shortlisted,Yes
C0550,Ishaan Iyer,23,Other,Delhi,B.Tech,B.Tech,Computer Science,2021,1,0,Entry Level,Graduate / Trainee,"Java, JavaScript, Git, SQL, Spark",SQL Certification,Financial Services,Software Engineer,IT Services and IT Consulting,Gurugram,Hybrid,90 days,3.8,Applied,Shortlisted,Yes
C0551,Rohan Das,30,Female,Mumbai,B.Tech,B.Tech,Computer Science,2023,3,2,Mid Level,Data Scientist,"Python, SQL",SQL Certification,Business Consulting and Services,Data Scientist,IT Services and IT Consulting,Pune,Hybrid,15 days,8.7,Applied,Shortlisted,Yes
C0552,Arjun Singh,24,Male,Mumbai,MCA,MCA,Computer Applications,2018,1,1,Junior,Junior Machine Learning Engineer,"Python, Machine Learning, Docker, AWS, Selenium",Selenium Automation Certification,Business Consulting and Services,Machine Learning Engineer,Software Development,Mumbai,Remote,15 days,2.9,Applied,Shortlisted,Yes
C0553,Aisha Verma,33,Female,Hyderabad,BCA,BCA,Computer Applications,2016,5,4,Mid Level,Full Stack Developer,"JavaScript, React, Node.js, Git, AWS",None,Business Consulting and Services,Full Stack Developer,Software Development,Noida,Remote,90 days,7.7,Applied,Shortlisted,Yes
C0554,Arjun Nair,23,Female,Pune,B.Sc,B.Sc,Data Science,2022,0,0,Entry Level,Graduate / Trainee,"Python, SQL, Git, AWS",SQL Certification,Business Consulting and Services,Cybersecurity Analyst,Software Development,Chennai,Hybrid,15 days,2.8,Applied,Shortlisted,Yes
C0555,Diya Joshi,29,Male,Noida,BCA,BCA,Computer Applications,2021,4,4,Mid Level,DevOps Engineer,"AWS, Docker, Kubernetes, Git",AWS Certified Solutions Architect,Software Development,DevOps Engineer,Software Development,Gurugram,Hybrid,60 days,8.9,Applied,Shortlisted,Yes
C0556,Pooja Patel,29,Female,Gurugram,MCA,MCA,Information Technology,2024,6,6,Senior / Lead,Senior AI Engineer,"Python, Artificial Intelligence, Machine Learning, AWS",AWS Certified Cloud Practitioner,Financial Services,AI Engineer,"Technology, Information and Internet",Gurugram,Hybrid,30 days,11.7,Applied,Shortlisted,Yes
C0557,Varun Pillai,29,Male,Hyderabad,MCA,MCA,Computer Applications,2020,1,0,Junior,Junior AI Engineer,"Python, Artificial Intelligence, Machine Learning, AWS, SQL",Google Advanced Data Analytics,Business Consulting and Services,AI Engineer,Software Development,Mumbai,Hybrid,90 days,4.1,Applied,Shortlisted,Yes
C0558,Aisha Patel,30,Male,Delhi,M.Sc,M.Sc,Data Science,2017,3,2,Junior,Junior IT Support Engineer,"SQL, Git, Excel",SQL Certification,"Technology, Information and Internet",IT Support Engineer,"Technology, Information and Internet",Chennai,On-site,90 days,6.5,Applied,Shortlisted,Yes
C0559,Varun Nair,33,Female,Chennai,MCA,MCA,Computer Applications,2025,5,5,Mid Level,Software Engineer,"Java, JavaScript, Git, SQL, Azure",None,IT Services and IT Consulting,Software Engineer,IT Services and IT Consulting,Hyderabad,Remote,90 days,9.2,Applied,Shortlisted,Yes
C0560,Meera Menon,27,Other,Gurugram,B.Sc,B.Sc,Computer Science,2023,3,2,Junior,Junior IT Support Engineer,"SQL, Git",SQL Certification,IT Services and IT Consulting,IT Support Engineer,Software Development,Pune,On-site,30 days,5.0,Applied,Shortlisted,Yes
C0561,Rahul Gupta,38,Female,Bengaluru,BCA,BCA,Information Technology,2023,11,11,Senior / Lead,Senior Frontend Developer,"JavaScript, React",None,Financial Services,Frontend Developer,IT Services and IT Consulting,Delhi,On-site,Immediate,17.3,Applied,Shortlisted,Yes
C0562,Nisha Bose,25,Female,Gurugram,B.Sc,B.Sc,Information Technology,2019,2,2,Junior,Junior Full Stack Developer,"JavaScript, React, Node.js, Git, Docker",None,IT Services and IT Consulting,Full Stack Developer,"Technology, Information and Internet",Hyderabad,Hybrid,15 days,6.1,Applied,Shortlisted,Yes
C0563,Arjun Joshi,34,Other,Bengaluru,B.Tech,B.Tech,Artificial Intelligence,2022,9,9,Senior / Lead,Senior Data Engineer,"Python, SQL, Spark, AWS, Docker, Java",None,Financial Services,Data Engineer,IT Services and IT Consulting,Delhi,On-site,90 days,14.2,Applied,Shortlisted,Yes
C0564,Arjun Das,29,Female,Mumbai,M.Sc,M.Sc,Data Science,2017,6,6,Senior / Lead,Senior Backend Developer,"Java, Python, SQL, Git, Docker, Artificial Intelligence",None,IT Services and IT Consulting,Backend Developer,"Technology, Information and Internet",Chennai,On-site,60 days,10.5,Applied,Shortlisted,Yes
C0565,Neha Iyer,34,Female,Chennai,MCA,MCA,Information Technology,2022,11,11,Senior / Lead,Senior Software Developer,"Java, JavaScript, Git, SQL, Tableau",SQL Certification,Software Development,Software Developer,"Technology, Information and Internet",Bengaluru,On-site,30 days,16.4,Applied,Shortlisted,Yes
C0566,Ishaan Nair,29,Other,Delhi,B.Tech,B.Tech,Computer Science,2018,1,0,Entry Level,Graduate / Trainee,"SQL, Excel, Power BI, Kubernetes",Google Data Analytics,"Technology, Information and Internet",IT Business Analyst,"Technology, Information and Internet",Hyderabad,On-site,60 days,2.8,Applied,Shortlisted,Yes
C0567,Aisha Das,28,Other,Mumbai,B.Sc,B.Sc,Data Science,2019,7,7,Senior / Lead,Senior Software Engineer,"Java, JavaScript, Git, SQL",SQL Certification,Financial Services,Software Engineer,IT Services and IT Consulting,Gurugram,On-site,60 days,13.1,Applied,Shortlisted,Yes
C0568,Rahul Joshi,24,Other,Chennai,B.E.,B.E.,Electronics,2018,0,0,Entry Level,Graduate / Trainee,"Python, SQL, Excel, Power BI, Tableau, Machine Learning, Kubernetes",Google Advanced Data Analytics,IT Services and IT Consulting,Data Analyst,Software Development,Pune,Hybrid,90 days,3.6,Applied,Shortlisted,Yes
C0569,Rahul Gupta,25,Female,Delhi,B.E.,B.E.,Computer Science,2019,4,3,Mid Level,Business Intelligence Analyst,"SQL, Power BI, Excel",SQL Certification,"Technology, Information and Internet",Business Intelligence Analyst,"Technology, Information and Internet",Pune,Remote,60 days,8.1,Applied,Shortlisted,Yes
C0570,Sanjay Sharma,25,Male,Hyderabad,M.Sc,M.Sc,Information Technology,2018,2,1,Junior,Junior AI Engineer,"Python, Artificial Intelligence, Machine Learning, AWS, Tableau, Hadoop",Machine Learning Certificate,IT Services and IT Consulting,AI Engineer,Software Development,Delhi,Hybrid,15 days,2.5,Applied,Shortlisted,Yes
C0571,Aditya Rao,24,Female,Chennai,B.Tech,B.Tech,Computer Science,2020,1,0,Junior,Junior Cybersecurity Analyst,"Python, SQL, Git",SQL Certification,Business Consulting and Services,Cybersecurity Analyst,Software Development,Pune,Hybrid,30 days,6.3,Applied,Shortlisted,Yes
C0572,Vikram Joshi,25,Male,Mumbai,M.Tech,M.Tech,Artificial Intelligence,2016,1,1,Entry Level,Graduate / Trainee,"Java, JavaScript, Git, SQL, AWS",None,IT Services and IT Consulting,Software Developer,"Technology, Information and Internet",Noida,On-site,Immediate,3.8,Applied,Shortlisted,Yes
C0573,Priya Gupta,34,Other,Delhi,M.Sc,M.Sc,Data Science,2014,6,6,Senior / Lead,Senior Full Stack Developer,"JavaScript, React, Node.js, Git",None,Business Consulting and Services,Full Stack Developer,"Technology, Information and Internet",Delhi,Remote,90 days,10.1,Applied,Shortlisted,Yes
C0574,Diya Reddy,29,Female,Delhi,M.Tech,M.Tech,Artificial Intelligence,2016,1,1,Entry Level,Graduate / Trainee,"SQL, Python, Spark",SQL Certification,Financial Services,Database Engineer,"Technology, Information and Internet",Hyderabad,On-site,30 days,3.0,Applied,Shortlisted,Yes
C0575,Sanjay Patel,37,Other,Delhi,B.Sc,B.Sc,Data Science,2017,11,11,Senior / Lead,Senior IT Support Engineer,"SQL, Git, Machine Learning, Azure",Machine Learning Certificate,Financial Services,IT Support Engineer,"Technology, Information and Internet",Chennai,Remote,Immediate,14.9,Applied,Shortlisted,Yes
C0576,Kavya Kumar,28,Female,Gurugram,B.Sc,B.Sc,Computer Science,2024,1,1,Junior,Junior QA Engineer,"Selenium, Java, Python, Git, Hadoop",Selenium Automation Certification,IT Services and IT Consulting,QA Engineer,"Technology, Information and Internet",Delhi,Hybrid,30 days,5.3,Applied,Shortlisted,Yes
C0577,Aditya Nair,28,Female,Chennai,B.Sc,B.Sc,Data Science,2025,4,3,Mid Level,IT Business Analyst,"SQL, Excel, Power BI, Machine Learning",None,Business Consulting and Services,IT Business Analyst,Software Development,Delhi,On-site,60 days,7.7,Applied,Shortlisted,Yes
C0578,Ananya Sharma,31,Female,Pune,BCA,BCA,Information Technology,2022,5,5,Mid Level,Software Engineer,"Java, JavaScript, Git, SQL",Java Certification,"Technology, Information and Internet",Software Engineer,IT Services and IT Consulting,Noida,On-site,90 days,8.8,Applied,Shortlisted,Yes
C0579,Rohan Rao,28,Female,Bengaluru,B.Sc,B.Sc,Information Technology,2014,2,2,Junior,Junior Backend Developer,"Java, Python, SQL, Git, JavaScript, AWS",SQL Certification,IT Services and IT Consulting,Backend Developer,"Technology, Information and Internet",Gurugram,On-site,60 days,6.0,Applied,Shortlisted,Yes
C0580,Arjun Das,26,Male,Mumbai,M.Tech,M.Tech,Data Science,2017,5,5,Mid Level,SAP Consultant,"SQL, Java",SQL Certification,IT Services and IT Consulting,SAP Consultant,IT Services and IT Consulting,Delhi,Remote,60 days,6.9,Applied,Shortlisted,Yes
C0581,Neha Pillai,28,Male,Chennai,B.Tech,B.Tech,Information Technology,2015,0,0,Entry Level,Graduate / Trainee,"Python, SQL, Excel, Power BI, Tableau, React, Docker",Google Data Analytics,"Technology, Information and Internet",Data Analyst,IT Services and IT Consulting,Gurugram,On-site,30 days,3.5,Applied,Shortlisted,Yes
C0582,Kavya Nair,30,Other,Noida,BCA,BCA,Information Technology,2024,4,4,Mid Level,Business Intelligence Analyst,"SQL, Power BI, Excel, Tableau",Microsoft Power BI,Financial Services,Business Intelligence Analyst,Software Development,Hyderabad,On-site,30 days,7.3,Applied,Shortlisted,Yes
C0583,Vikram Patel,27,Female,Chennai,B.E.,B.E.,Information Technology,2016,1,1,Entry Level,Graduate / Trainee,"SQL, Power BI",Microsoft Power BI,"Technology, Information and Internet",Business Intelligence Analyst,IT Services and IT Consulting,Pune,Hybrid,30 days,5.6,Applied,Shortlisted,Yes
C0584,Priya Patel,27,Female,Pune,M.Tech,M.Tech,Computer Science,2023,4,3,Mid Level,QA Engineer,"Selenium, Java, Python",None,"Technology, Information and Internet",QA Engineer,IT Services and IT Consulting,Gurugram,Remote,Immediate,7.3,Applied,Shortlisted,Yes
C0585,Pooja Nair,28,Other,Delhi,M.Sc,M.Sc,Information Technology,2017,1,0,Entry Level,Graduate / Trainee,"Python, Machine Learning, Docker, AWS",Google Advanced Data Analytics,Financial Services,Machine Learning Engineer,Software Development,Hyderabad,Remote,15 days,2.5,Applied,Shortlisted,Yes
C0586,Diya Patel,27,Male,Gurugram,BCA,BCA,Information Technology,2023,3,2,Junior,Junior Data Engineer,"Python, SQL, Spark, AWS, Docker, Tableau",AWS Certified Cloud Practitioner,Software Development,Data Engineer,IT Services and IT Consulting,Chennai,Hybrid,90 days,4.9,Applied,Shortlisted,Yes
C0587,Diya Reddy,25,Male,Noida,B.Sc,B.Sc,Computer Science,2025,2,1,Junior,Junior Business Intelligence Analyst,"SQL, Power BI, Excel, Tableau",None,IT Services and IT Consulting,Business Intelligence Analyst,IT Services and IT Consulting,Mumbai,Remote,60 days,3.6,Applied,Shortlisted,Yes
C0588,Aisha Iyer,25,Male,Gurugram,B.Tech,B.Tech,Computer Science,2014,1,1,Junior,Junior Business Intelligence Analyst,"SQL, Power BI, Excel, Tableau, React",Google Data Analytics,Financial Services,Business Intelligence Analyst,Software Development,Gurugram,Hybrid,90 days,3.8,Applied,Shortlisted,Yes
C0589,Kiran Verma,27,Male,Gurugram,BCA,BCA,Information Technology,2021,3,2,Mid Level,Salesforce Developer,"SQL, JavaScript",None,Financial Services,Salesforce Developer,"Technology, Information and Internet",Chennai,Remote,15 days,6.7,Applied,Shortlisted,Yes
C0590,Sneha Rao,26,Female,Bengaluru,M.Tech,M.Tech,Computer Science,2020,1,0,Junior,Junior IT Support Engineer,"SQL, Git",SQL Certification,Software Development,IT Support Engineer,Software Development,Gurugram,Hybrid,60 days,5.1,Applied,Shortlisted,Yes
C0591,Arjun Das,29,Male,Mumbai,BCA,BCA,Information Technology,2014,2,2,Junior,Junior Data Analyst,"Python, SQL",SQL Certification,IT Services and IT Consulting,Data Analyst,"Technology, Information and Internet",Bengaluru,Remote,15 days,5.6,Applied,Not Shortlisted,Yes
C0592,Pooja Iyer,22,Female,Mumbai,B.Tech,B.Tech,Information Technology,2018,1,0,Entry Level,Graduate / Trainee,"JavaScript, React",None,Software Development,Frontend Developer,"Technology, Information and Internet",Noida,Remote,15 days,5.1,Applied,Shortlisted,Yes
C0593,Rohan Patel,31,Female,Delhi,M.Tech,M.Tech,Artificial Intelligence,2021,3,3,Mid Level,Software Engineer,"Java, JavaScript, Git, SQL, Tableau, AWS",None,Business Consulting and Services,Software Engineer,Software Development,Bengaluru,On-site,Immediate,7.0,Applied,Shortlisted,Yes
C0594,Arjun Rao,28,Male,Hyderabad,M.Tech,M.Tech,Artificial Intelligence,2015,2,2,Junior,Junior Data Scientist,"Python, SQL, Machine Learning, Spark, Selenium, Hadoop",Google Advanced Data Analytics,Financial Services,Data Scientist,IT Services and IT Consulting,Chennai,On-site,Immediate,5.0,Applied,Shortlisted,Yes
C0595,Varun Verma,24,Other,Delhi,BCA,BCA,Computer Applications,2019,1,0,Junior,Junior Business Intelligence Analyst,"SQL, Power BI, Excel, Tableau, Artificial Intelligence",Google Data Analytics,IT Services and IT Consulting,Business Intelligence Analyst,IT Services and IT Consulting,Noida,Hybrid,90 days,4.1,Applied,Shortlisted,Yes
C0596,Ishaan Joshi,23,Other,Noida,B.Sc,B.Sc,Computer Science,2017,0,0,Entry Level,Graduate / Trainee,"Java, JavaScript, Git, SQL, Machine Learning",Java Certification,Financial Services,Software Engineer,"Technology, Information and Internet",Mumbai,Hybrid,60 days,3.5,Applied,Shortlisted,Yes
C0597,Rahul Sharma,39,Female,Hyderabad,B.E.,B.E.,Information Technology,2016,11,10,Senior / Lead,Senior Business Intelligence Analyst,"SQL, Power BI, Excel, Tableau, Git",Google Data Analytics,Software Development,Business Intelligence Analyst,IT Services and IT Consulting,Mumbai,Remote,15 days,18.6,Applied,Shortlisted,Yes
C0598,Kavya Singh,26,Other,Gurugram,M.Tech,M.Tech,Data Science,2025,1,0,Junior,Junior Data Engineer,"Python, SQL, Spark, AWS, Docker, Tableau",AWS Certified Solutions Architect,Business Consulting and Services,Data Engineer,"Technology, Information and Internet",Delhi,Hybrid,60 days,3.3,Applied,Shortlisted,Yes
C0599,Kiran Singh,28,Other,Mumbai,B.Tech,B.Tech,Information Technology,2020,0,0,Entry Level,Graduate / Trainee,"Java, JavaScript, Git, SQL, Node.js",None,Software Development,Software Engineer,"Technology, Information and Internet",Noida,On-site,90 days,4.6,Applied,Shortlisted,Yes
C0600,Vikram Das,30,Male,Noida,B.E.,B.E.,Computer Science,2017,4,4,Mid Level,QA Engineer,"Selenium, Java, Python, Git, React, Docker",Java Certification,Financial Services,QA Engineer,Software Development,Mumbai,On-site,30 days,8.1,Applied,Shortlisted,Yes
C0601,Arjun Singh,31,Female,Noida,B.Sc,B.Sc,Information Technology,2016,10,9,Senior / Lead,Senior Database Engineer,"SQL, Python, Spark, Power BI",Google Data Analytics,"Technology, Information and Internet",Database Engineer,Software Development,Bengaluru,Hybrid,Immediate,14.8,Applied,Shortlisted,Yes
C0602,Meera Singh,27,Male,Bengaluru,M.Sc,M.Sc,Data Science,2025,6,6,Mid Level,Business Intelligence Analyst,"SQL, Power BI, Excel, Tableau, Hadoop",None,Software Development,Business Intelligence Analyst,"Technology, Information and Internet",Delhi,Hybrid,15 days,9.4,Applied,Shortlisted,Yes
C0603,Neha Menon,28,Male,Bengaluru,BCA,BCA,Information Technology,2019,3,2,Mid Level,AI Engineer,"Python, Artificial Intelligence",None,IT Services and IT Consulting,AI Engineer,IT Services and IT Consulting,Hyderabad,Hybrid,15 days,9.5,Applied,Not Shortlisted,Yes
C0604,Rahul Singh,29,Male,Mumbai,M.Sc,M.Sc,Data Science,2018,5,4,Mid Level,Data Engineer,"Python, SQL, Spark, AWS, Docker, Excel",SQL Certification,IT Services and IT Consulting,Data Engineer,IT Services and IT Consulting,Chennai,Hybrid,15 days,14.6,Applied,Shortlisted,Yes
C0605,Diya Sharma,28,Male,Delhi,B.Tech,B.Tech,Artificial Intelligence,2020,0,0,Entry Level,Graduate / Trainee,"Python, Artificial Intelligence, Machine Learning, AWS, Selenium",Selenium Automation Certification,Financial Services,AI Engineer,IT Services and IT Consulting,Noida,On-site,30 days,3.7,Applied,Shortlisted,Yes
C0606,Kiran Iyer,27,Other,Bengaluru,MCA,MCA,Computer Applications,2015,4,3,Mid Level,SAP Consultant,"SQL, Java, Git",Java Certification,Financial Services,SAP Consultant,Software Development,Pune,On-site,90 days,7.5,Applied,Shortlisted,Yes
C0607,Nisha Gupta,27,Male,Delhi,M.Tech,M.Tech,Data Science,2024,2,2,Junior,Junior Data Scientist,"Python, SQL, Machine Learning, Spark, Hadoop",Machine Learning Certificate,Business Consulting and Services,Data Scientist,"Technology, Information and Internet",Gurugram,Hybrid,30 days,5.6,Applied,Shortlisted,Yes
C0608,Nisha Reddy,29,Other,Noida,B.Tech,B.Tech,Computer Science,2019,5,5,Mid Level,IT Business Analyst,"SQL, Excel, Power BI",None,Business Consulting and Services,IT Business Analyst,Software Development,Bengaluru,Remote,Immediate,9.1,Applied,Shortlisted,Yes
C0609,Aarav Kumar,32,Male,Mumbai,MCA,MCA,Computer Applications,2024,6,5,Senior / Lead,Senior SAP Consultant,"SQL, Java, Git, Tableau",SQL Certification,Software Development,SAP Consultant,"Technology, Information and Internet",Noida,Remote,15 days,7.5,Applied,Shortlisted,Yes
C0610,Neha Pillai,21,Female,Noida,B.Sc,B.Sc,Information Technology,2019,0,0,Entry Level,Graduate / Trainee,"JavaScript, React, Git, Hadoop",None,Business Consulting and Services,Frontend Developer,"Technology, Information and Internet",Delhi,Remote,15 days,3.6,Applied,Shortlisted,Yes
C0611,Ishaan Menon,32,Female,Bengaluru,BCA,BCA,Information Technology,2014,4,4,Mid Level,AI Engineer,"Python, Artificial Intelligence, Machine Learning",None,IT Services and IT Consulting,AI Engineer,IT Services and IT Consulting,Noida,Remote,Immediate,6.2,Applied,Shortlisted,Yes
C0612,Kiran Verma,25,Other,Bengaluru,B.Tech,B.Tech,Computer Science,2020,1,1,Junior,Junior SAP Consultant,"SQL, Java, Spark, Python",SQL Certification,IT Services and IT Consulting,SAP Consultant,"Technology, Information and Internet",Noida,On-site,15 days,4.4,Applied,Shortlisted,Yes
C0613,Aisha Sharma,21,Female,Hyderabad,M.Sc,M.Sc,Computer Science,2020,0,0,Entry Level,Graduate / Trainee,"JavaScript, React, Node.js, Git",None,Software Development,Full Stack Developer,IT Services and IT Consulting,Chennai,Remote,60 days,2.5,Applied,Shortlisted,Yes
C0614,Rahul Kumar,34,Other,Hyderabad,BCA,BCA,Information Technology,2023,6,5,Mid Level,Backend Developer,"Java, Python, SQL",None,Business Consulting and Services,Backend Developer,IT Services and IT Consulting,Pune,On-site,90 days,11.1,Applied,Shortlisted,Yes
C0615,Arjun Kumar,24,Other,Gurugram,B.Tech,B.Tech,Computer Science,2017,1,1,Junior,Junior Cybersecurity Analyst,"Python, SQL, Git",SQL Certification,IT Services and IT Consulting,Cybersecurity Analyst,Software Development,Mumbai,Hybrid,90 days,2.9,Applied,Shortlisted,Yes
C0616,Aditya Verma,28,Male,Delhi,B.Sc,B.Sc,Computer Science,2017,5,5,Mid Level,IT Business Analyst,"SQL, Excel, Power BI, Spark",None,"Technology, Information and Internet",IT Business Analyst,IT Services and IT Consulting,Noida,On-site,90 days,9.8,Applied,Shortlisted,Yes
C0617,Meera Patel,33,Male,Hyderabad,BCA,BCA,Information Technology,2015,7,6,Senior / Lead,Senior Salesforce Developer,"SQL, JavaScript, Excel",SQL Certification,Business Consulting and Services,Salesforce Developer,"Technology, Information and Internet",Gurugram,Hybrid,60 days,13.8,Applied,Shortlisted,Yes
C0618,Aisha Patel,26,Male,Bengaluru,B.Sc,B.Sc,Computer Science,2025,5,4,Mid Level,Business Intelligence Analyst,"SQL, Power BI, Excel, Tableau",SQL Certification,IT Services and IT Consulting,Business Intelligence Analyst,"Technology, Information and Internet",Noida,Hybrid,60 days,9.5,Applied,Shortlisted,Yes
C0619,Varun Menon,28,Female,Bengaluru,MCA,MCA,Computer Applications,2017,1,1,Entry Level,Graduate / Trainee,"JavaScript, React, Node.js, Git",None,"Technology, Information and Internet",Full Stack Developer,"Technology, Information and Internet",Bengaluru,On-site,Immediate,3.6,Applied,Shortlisted,Yes
C0620,Rohan Sharma,30,Male,Noida,B.E.,B.E.,Computer Science,2020,6,6,Mid Level,Machine Learning Engineer,"Python, Machine Learning, Docker, AWS, Artificial Intelligence",AWS Certified Cloud Practitioner,Software Development,Machine Learning Engineer,"Technology, Information and Internet",Hyderabad,Hybrid,Immediate,8.8,Applied,Shortlisted,Yes
C0621,Nisha Patel,29,Female,Delhi,MCA,MCA,Computer Applications,2019,1,1,Entry Level,Graduate / Trainee,"Python, SQL, Machine Learning",Google Advanced Data Analytics,"Technology, Information and Internet",Data Scientist,"Technology, Information and Internet",Chennai,On-site,60 days,6.1,Applied,Shortlisted,Yes
C0622,Rohan Patel,24,Female,Delhi,B.E.,B.E.,Computer Science,2025,1,1,Junior,Junior Frontend Developer,"JavaScript, React, Git, Selenium, GCP",None,"Technology, Information and Internet",Frontend Developer,"Technology, Information and Internet",Pune,On-site,30 days,2.7,Applied,Shortlisted,Yes
C0623,Vikram Verma,29,Female,Delhi,B.Sc,B.Sc,Computer Science,2017,1,1,Entry Level,Graduate / Trainee,"SQL, Power BI, Excel, Tableau, GCP",Google Data Analytics,"Technology, Information and Internet",Business Intelligence Analyst,"Technology, Information and Internet",Delhi,Hybrid,90 days,7.3,Applied,Shortlisted,Yes
C0624,Sneha Nair,24,Male,Pune,M.Sc,M.Sc,Information Technology,2015,0,0,Entry Level,Graduate / Trainee,"SQL, JavaScript",SQL Certification,"Technology, Information and Internet",Salesforce Developer,Software Development,Hyderabad,Hybrid,Immediate,5.8,Applied,Shortlisted,Yes
C0625,Diya Verma,32,Female,Gurugram,M.Tech,M.Tech,Data Science,2024,6,5,Mid Level,SAP Consultant,"SQL, Java, Artificial Intelligence, Node.js",Java Certification,IT Services and IT Consulting,SAP Consultant,"Technology, Information and Internet",Bengaluru,Remote,30 days,7.1,Applied,Shortlisted,Yes
C0626,Pooja Singh,34,Female,Pune,M.Tech,M.Tech,Artificial Intelligence,2020,6,5,Mid Level,SAP Consultant,"SQL, Java, Docker",SQL Certification,"Technology, Information and Internet",SAP Consultant,Software Development,Chennai,Hybrid,15 days,12.1,Applied,Shortlisted,Yes
C0627,Nisha Sharma,24,Female,Delhi,M.Sc,M.Sc,Computer Science,2014,2,2,Junior,Junior AI Engineer,"Python, Artificial Intelligence, Machine Learning, AWS, SQL",Machine Learning Certificate,Software Development,AI Engineer,Software Development,Bengaluru,On-site,15 days,5.5,Applied,Shortlisted,Yes
C0628,Priya Verma,35,Female,Bengaluru,B.Sc,B.Sc,Computer Science,2019,12,11,Senior / Lead,Senior Database Engineer,"SQL, Python, Spark, JavaScript, AWS",AWS Certified Cloud Practitioner,IT Services and IT Consulting,Database Engineer,"Technology, Information and Internet",Gurugram,Hybrid,15 days,20.4,Applied,Shortlisted,Yes
C0629,Rohan Reddy,21,Male,Chennai,B.E.,B.E.,Electronics,2020,0,0,Entry Level,Graduate / Trainee,"SQL, Excel, Power BI, Tableau",Google Data Analytics,Software Development,IT Business Analyst,"Technology, Information and Internet",Chennai,Remote,90 days,2.5,Applied,Shortlisted,Yes
C0630,Ananya Verma,23,Female,Noida,B.Tech,B.Tech,Artificial Intelligence,2018,2,2,Junior,Junior Frontend Developer,"JavaScript, React",None,Business Consulting and Services,Frontend Developer,"Technology, Information and Internet",Pune,Hybrid,Immediate,8.1,Applied,Shortlisted,Yes
C0631,Aisha Sharma,29,Female,Hyderabad,B.Tech,B.Tech,Computer Science,2025,5,4,Mid Level,Data Analyst,"Python, SQL, Excel, Power BI, Tableau, Azure, Machine Learning",Google Advanced Data Analytics,Software Development,Data Analyst,IT Services and IT Consulting,Mumbai,On-site,60 days,12.3,Applied,Shortlisted,Yes
C0632,Kavya Nair,28,Male,Mumbai,BCA,BCA,Information Technology,2016,3,2,Mid Level,Business Intelligence Analyst,"SQL, Power BI, Excel, Tableau, Spark, Selenium",Microsoft Power BI,Financial Services,Business Intelligence Analyst,"Technology, Information and Internet",Noida,On-site,Immediate,7.9,Applied,Shortlisted,Yes
C0633,Varun Pillai,25,Female,Hyderabad,BCA,BCA,Information Technology,2015,3,2,Junior,Junior Data Analyst,"Python, SQL, Excel, Power BI, Tableau, Git",SQL Certification,"Technology, Information and Internet",Data Analyst,Software Development,Noida,Remote,90 days,10.5,Applied,Shortlisted,Yes
C0634,Ananya Sharma,32,Other,Gurugram,BCA,BCA,Computer Applications,2020,9,8,Senior / Lead,Senior Full Stack Developer,"JavaScript, React, Node.js, Git",None,Financial Services,Full Stack Developer,IT Services and IT Consulting,Delhi,On-site,Immediate,13.6,Applied,Shortlisted,Yes
C0635,Aarav Nair,34,Male,Hyderabad,M.Sc,M.Sc,Computer Science,2020,7,6,Senior / Lead,Senior Backend Developer,"Java, Python, SQL, Git, Excel, Azure",None,IT Services and IT Consulting,Backend Developer,Software Development,Noida,Hybrid,Immediate,11.8,Applied,Shortlisted,Yes
C0636,Kavya Singh,26,Female,Hyderabad,MCA,MCA,Information Technology,2014,4,3,Mid Level,Business Intelligence Analyst,"SQL, Power BI, Excel, Tableau, Machine Learning",None,IT Services and IT Consulting,Business Intelligence Analyst,IT Services and IT Consulting,Noida,Remote,60 days,9.2,Applied,Shortlisted,Yes
C0637,Neha Nair,28,Male,Bengaluru,M.Tech,M.Tech,Data Science,2025,0,0,Entry Level,Graduate / Trainee,"Python, Artificial Intelligence, Machine Learning, AWS, Git, Java",None,IT Services and IT Consulting,AI Engineer,Software Development,Noida,On-site,Immediate,2.5,Applied,Shortlisted,Yes
C0638,Neha Gupta,35,Other,Chennai,B.Tech,B.Tech,Computer Science,2014,8,8,Senior / Lead,Senior SAP Consultant,"SQL, Java, Machine Learning",Java Certification,Financial Services,SAP Consultant,Software Development,Mumbai,Hybrid,90 days,10.7,Applied,Shortlisted,Yes
C0639,Kavya Patel,30,Male,Gurugram,M.Sc,M.Sc,Computer Science,2018,3,3,Junior,Junior Frontend Developer,"JavaScript, React, Git",None,"Technology, Information and Internet",Frontend Developer,IT Services and IT Consulting,Chennai,Hybrid,90 days,7.5,Applied,Shortlisted,Yes
C0640,Kiran Singh,28,Male,Delhi,B.Sc,B.Sc,Computer Science,2023,1,1,Entry Level,Graduate / Trainee,"JavaScript, React",None,"Technology, Information and Internet",Frontend Developer,IT Services and IT Consulting,Hyderabad,Hybrid,15 days,7.1,Applied,Shortlisted,Yes
C0641,Nisha Pillai,26,Male,Chennai,B.E.,B.E.,Computer Science,2023,5,5,Mid Level,IT Support Engineer,"SQL, Git",SQL Certification,Financial Services,IT Support Engineer,IT Services and IT Consulting,Mumbai,Remote,Immediate,8.8,Applied,Shortlisted,Yes
C0642,Varun Rao,31,Male,Delhi,BCA,BCA,Computer Applications,2025,3,3,Mid Level,Full Stack Developer,"JavaScript, React, Node.js, Git, Machine Learning",None,"Technology, Information and Internet",Full Stack Developer,Software Development,Gurugram,On-site,90 days,6.3,Applied,Shortlisted,Yes
C0643,Meera Das,35,Female,Pune,MCA,MCA,Computer Applications,2025,11,11,Senior / Lead,Senior Machine Learning Engineer,"Python, Machine Learning, Docker",Machine Learning Certificate,Business Consulting and Services,Machine Learning Engineer,"Technology, Information and Internet",Mumbai,On-site,60 days,13.8,Applied,Shortlisted,Yes
C0644,Kiran Bose,25,Female,Gurugram,B.E.,B.E.,Information Technology,2018,1,1,Entry Level,Graduate / Trainee,"SQL, Excel, Power BI",Microsoft Power BI,Financial Services,IT Business Analyst,Software Development,Hyderabad,Hybrid,Immediate,3.4,Applied,Shortlisted,Yes
C0645,Varun Gupta,25,Female,Noida,M.Tech,M.Tech,Data Science,2024,2,1,Junior,Junior Backend Developer,"Java, Python, SQL, Git",None,Business Consulting and Services,Backend Developer,"Technology, Information and Internet",Noida,On-site,15 days,6.7,Applied,Shortlisted,Yes
C0646,Meera Nair,30,Other,Bengaluru,M.Sc,M.Sc,Information Technology,2022,3,3,Mid Level,Business Intelligence Analyst,"SQL, Power BI, Excel, Tableau",Microsoft Power BI,"Technology, Information and Internet",Business Intelligence Analyst,IT Services and IT Consulting,Delhi,On-site,60 days,5.1,Applied,Shortlisted,Yes
C0647,Diya Sharma,28,Other,Hyderabad,M.Tech,M.Tech,Computer Science,2021,5,4,Mid Level,Salesforce Developer,"SQL, JavaScript, Docker",None,IT Services and IT Consulting,Salesforce Developer,"Technology, Information and Internet",Noida,Hybrid,15 days,10.1,Applied,Shortlisted,Yes
C0648,Arjun Reddy,28,Male,Bengaluru,M.Tech,M.Tech,Data Science,2014,5,4,Mid Level,QA Engineer,"Selenium, Java, Python, Git",Selenium Automation Certification,IT Services and IT Consulting,QA Engineer,"Technology, Information and Internet",Chennai,Hybrid,15 days,8.9,Applied,Shortlisted,Yes
C0649,Aarav Verma,25,Other,Mumbai,MCA,MCA,Computer Applications,2020,0,0,Entry Level,Graduate / Trainee,"JavaScript, React, Git, Docker",None,Business Consulting and Services,Frontend Developer,Software Development,Pune,Remote,30 days,5.1,Applied,Shortlisted,Yes
C0650,Arjun Rao,24,Female,Noida,BCA,BCA,Computer Applications,2016,1,1,Entry Level,Graduate / Trainee,"Python, SQL, Git, Tableau, Excel",SQL Certification,Software Development,Cybersecurity Analyst,Software Development,Gurugram,On-site,15 days,2.5,Applied,Shortlisted,Yes
C0651,Arjun Menon,32,Female,Mumbai,MCA,MCA,Information Technology,2018,5,5,Mid Level,Business Intelligence Analyst,"SQL, Power BI, Excel",Microsoft Power BI,Financial Services,Business Intelligence Analyst,IT Services and IT Consulting,Pune,On-site,15 days,9.4,Applied,Shortlisted,Yes
C0652,Priya Nair,26,Other,Delhi,M.Tech,M.Tech,Artificial Intelligence,2019,4,3,Mid Level,DevOps Engineer,"AWS, Docker, Kubernetes",None,Business Consulting and Services,DevOps Engineer,IT Services and IT Consulting,Mumbai,On-site,30 days,8.1,Applied,Shortlisted,Yes
C0653,Arjun Iyer,28,Male,Bengaluru,B.E.,B.E.,Information Technology,2017,3,3,Mid Level,DevOps Engineer,"AWS, Docker, Kubernetes, Git",None,IT Services and IT Consulting,DevOps Engineer,Software Development,Chennai,Hybrid,30 days,5.7,Applied,Shortlisted,Yes
C0654,Priya Gupta,31,Male,Bengaluru,B.Tech,B.Tech,Computer Science,2024,5,4,Mid Level,QA Engineer,"Selenium, Java, Python, Git",Java Certification,"Technology, Information and Internet",QA Engineer,Software Development,Delhi,On-site,15 days,9.1,Applied,Shortlisted,Yes
C0655,Kiran Pillai,32,Male,Chennai,M.Sc,M.Sc,Information Technology,2024,4,4,Mid Level,Data Analyst,"Python, SQL, Excel, Power BI, Tableau, JavaScript, Azure",Microsoft Azure Fundamentals,Financial Services,Data Analyst,IT Services and IT Consulting,Bengaluru,Remote,Immediate,7.2,Applied,Shortlisted,Yes
C0656,Sanjay Reddy,25,Other,Hyderabad,B.E.,B.E.,Electronics,2019,3,3,Junior,Junior Machine Learning Engineer,"Python, Machine Learning, Docker, AWS, JavaScript",Google Advanced Data Analytics,Software Development,Machine Learning Engineer,"Technology, Information and Internet",Pune,On-site,90 days,5.7,Applied,Shortlisted,Yes
C0657,Pooja Sharma,21,Male,Pune,MCA,MCA,Computer Applications,2014,0,0,Entry Level,Graduate / Trainee,"Java, JavaScript, Git, SQL, Docker",Java Certification,"Technology, Information and Internet",Software Developer,Software Development,Bengaluru,On-site,30 days,5.4,Applied,Shortlisted,Yes
C0658,Rohan Iyer,22,Female,Bengaluru,M.Tech,M.Tech,Computer Science,2022,0,0,Entry Level,Graduate / Trainee,"JavaScript, React, Git",None,"Technology, Information and Internet",Frontend Developer,"Technology, Information and Internet",Hyderabad,Hybrid,30 days,2.8,Applied,Shortlisted,Yes
C0659,Arjun Nair,27,Female,Hyderabad,M.Sc,M.Sc,Computer Science,2020,3,2,Mid Level,Business Intelligence Analyst,"SQL, Power BI, Excel, Tableau, GCP",Google Data Analytics,Software Development,Business Intelligence Analyst,"Technology, Information and Internet",Noida,Hybrid,15 days,5.6,Applied,Shortlisted,Yes
C0660,Varun Joshi,34,Female,Delhi,M.Tech,M.Tech,Artificial Intelligence,2015,6,5,Senior / Lead,Senior Data Engineer,"Python, SQL, Spark, AWS, Docker",None,Financial Services,Data Engineer,"Technology, Information and Internet",Gurugram,Hybrid,30 days,11.8,Applied,Shortlisted,Yes
C0661,Aarav Nair,29,Other,Chennai,B.E.,B.E.,Electronics,2016,1,0,Entry Level,Graduate / Trainee,"AWS, Azure, Docker, Kubernetes",None,"Technology, Information and Internet",Cloud Engineer,Software Development,Bengaluru,Hybrid,60 days,3.6,Applied,Shortlisted,Yes
C0662,Kavya Patel,28,Female,Hyderabad,BCA,BCA,Information Technology,2025,3,2,Junior,Junior Cloud Engineer,"AWS, Azure, Docker, Kubernetes",AWS Certified Solutions Architect,IT Services and IT Consulting,Cloud Engineer,Software Development,Delhi,On-site,60 days,9.9,Applied,Shortlisted,Yes
C0663,Diya Patel,33,Female,Hyderabad,B.Sc,B.Sc,Computer Science,2019,8,8,Senior / Lead,Senior Software Engineer,"Java, JavaScript, Git, SQL",None,Business Consulting and Services,Software Engineer,IT Services and IT Consulting,Noida,On-site,30 days,11.3,Applied,Shortlisted,Yes
C0664,Priya Verma,29,Female,Chennai,M.Tech,M.Tech,Artificial Intelligence,2020,1,0,Entry Level,Graduate / Trainee,"Selenium, Java, Python, Git",Selenium Automation Certification,Software Development,QA Engineer,IT Services and IT Consulting,Hyderabad,Hybrid,60 days,2.8,Applied,Shortlisted,Yes
C0665,Ishaan Kumar,32,Female,Chennai,B.Tech,B.Tech,Computer Science,2014,6,6,Mid Level,IT Support Engineer,"SQL, Git, AWS, Power BI",SQL Certification,Financial Services,IT Support Engineer,"Technology, Information and Internet",Hyderabad,On-site,Immediate,11.0,Applied,Shortlisted,Yes
C0666,Aarav Rao,29,Other,Noida,BCA,BCA,Information Technology,2021,1,1,Junior,Junior Data Engineer,"Python, SQL, Spark, AWS, Docker",AWS Certified Cloud Practitioner,Business Consulting and Services,Data Engineer,"Technology, Information and Internet",Pune,On-site,Immediate,5.3,Applied,Shortlisted,Yes
C0667,Kavya Singh,28,Male,Noida,BCA,BCA,Information Technology,2025,6,6,Mid Level,Data Scientist,"Python, SQL, Machine Learning, Spark, Hadoop",SQL Certification,Software Development,Data Scientist,IT Services and IT Consulting,Hyderabad,On-site,30 days,10.0,Applied,Shortlisted,Yes
C0668,Arjun Singh,33,Male,Delhi,B.Sc,B.Sc,Computer Science,2020,5,5,Mid Level,Salesforce Developer,"SQL, JavaScript, AWS, Tableau",AWS Certified Solutions Architect,Financial Services,Salesforce Developer,Software Development,Pune,On-site,30 days,9.2,Applied,Shortlisted,Yes
C0669,Ishaan Bose,25,Male,Gurugram,MCA,MCA,Computer Applications,2024,3,2,Junior,Junior Cybersecurity Analyst,"Python, SQL, Git",SQL Certification,Financial Services,Cybersecurity Analyst,IT Services and IT Consulting,Delhi,On-site,Immediate,9.1,Applied,Shortlisted,Yes
C0670,Priya Kumar,29,Female,Delhi,B.E.,B.E.,Information Technology,2020,1,0,Entry Level,Graduate / Trainee,"Selenium, Java, Python, Git, React",None,"Technology, Information and Internet",QA Engineer,IT Services and IT Consulting,Pune,On-site,Immediate,2.5,Applied,Shortlisted,Yes
C0671,Sneha Sharma,27,Male,Bengaluru,M.Tech,M.Tech,Computer Science,2025,6,5,Mid Level,IT Business Analyst,"SQL, Excel, Power BI, Machine Learning, Spark",None,Business Consulting and Services,IT Business Analyst,IT Services and IT Consulting,Bengaluru,Remote,Immediate,9.8,Applied,Shortlisted,Yes
C0672,Neha Rao,29,Other,Noida,MCA,MCA,Information Technology,2023,6,5,Mid Level,Cybersecurity Analyst,"Python, SQL, Git, Tableau",SQL Certification,"Technology, Information and Internet",Cybersecurity Analyst,Software Development,Hyderabad,Remote,60 days,8.2,Applied,Shortlisted,Yes
C0673,Sanjay Menon,24,Other,Mumbai,M.Tech,M.Tech,Artificial Intelligence,2017,0,0,Entry Level,Graduate / Trainee,"Python, Artificial Intelligence, Machine Learning, AWS, React, JavaScript",AWS Certified Solutions Architect,Business Consulting and Services,AI Engineer,IT Services and IT Consulting,Delhi,Remote,15 days,2.5,Applied,Shortlisted,Yes
C0674,Aisha Sharma,24,Female,Gurugram,B.E.,B.E.,Computer Science,2017,1,1,Junior,Junior Data Analyst,"Python, SQL, Excel, Power BI, Tableau",Microsoft Power BI,Business Consulting and Services,Data Analyst,"Technology, Information and Internet",Delhi,Remote,30 days,2.5,Applied,Shortlisted,Yes
C0675,Rahul Verma,29,Other,Pune,M.Tech,M.Tech,Artificial Intelligence,2024,1,0,Entry Level,Graduate / Trainee,"Python, Artificial Intelligence, Machine Learning, AWS",Machine Learning Certificate,IT Services and IT Consulting,AI Engineer,IT Services and IT Consulting,Chennai,Hybrid,Immediate,3.8,Applied,Shortlisted,Yes
C0676,Ananya Rao,29,Female,Delhi,BCA,BCA,Information Technology,2021,1,0,Junior,Junior SAP Consultant,"SQL, Java",None,IT Services and IT Consulting,SAP Consultant,Software Development,Noida,Remote,90 days,5.2,Applied,Shortlisted,Yes
C0677,Sanjay Verma,26,Male,Gurugram,B.Sc,B.Sc,Computer Science,2024,5,5,Mid Level,Business Intelligence Analyst,"SQL, Power BI, Excel, Tableau, Spark, Azure",None,Business Consulting and Services,Business Intelligence Analyst,IT Services and IT Consulting,Chennai,Remote,30 days,6.8,Applied,Shortlisted,Yes
C0678,Nisha Singh,27,Female,Bengaluru,M.Tech,M.Tech,Data Science,2017,6,5,Senior / Lead,Senior IT Business Analyst,"SQL, Excel",SQL Certification,Software Development,IT Business Analyst,Software Development,Delhi,On-site,90 days,13.6,Applied,Shortlisted,Yes
C0679,Sneha Joshi,31,Female,Mumbai,M.Tech,M.Tech,Computer Science,2024,3,2,Junior,Junior Data Analyst,"Python, SQL, Excel, Power BI, Tableau, Java",Microsoft Power BI,Business Consulting and Services,Data Analyst,"Technology, Information and Internet",Bengaluru,On-site,60 days,6.0,Applied,Shortlisted,Yes
C0680,Rohan Bose,32,Other,Bengaluru,B.Sc,B.Sc,Computer Science,2022,5,5,Mid Level,SAP Consultant,"SQL, Java, Docker, Kubernetes",Java Certification,Financial Services,SAP Consultant,"Technology, Information and Internet",Chennai,Remote,30 days,8.4,Applied,Shortlisted,Yes
C0681,Diya Verma,24,Other,Bengaluru,B.Sc,B.Sc,Data Science,2018,3,2,Mid Level,Full Stack Developer,"JavaScript, React, Node.js, Git, Docker",None,Financial Services,Full Stack Developer,"Technology, Information and Internet",Chennai,On-site,Immediate,7.1,Applied,Shortlisted,Yes
C0682,Neha Das,35,Female,Bengaluru,BCA,BCA,Information Technology,2017,11,10,Senior / Lead,Senior Salesforce Developer,"SQL, JavaScript, Azure",SQL Certification,Financial Services,Salesforce Developer,"Technology, Information and Internet",Pune,Hybrid,30 days,14.5,Applied,Shortlisted,Yes
C0683,Rahul Reddy,26,Other,Delhi,M.Tech,M.Tech,Computer Science,2018,4,4,Mid Level,DevOps Engineer,"AWS, Docker, Kubernetes, Git, Tableau",AWS Certified Cloud Practitioner,"Technology, Information and Internet",DevOps Engineer,"Technology, Information and Internet",Delhi,Remote,60 days,10.8,Applied,Shortlisted,Yes
C0684,Aarav Nair,32,Male,Pune,MCA,MCA,Information Technology,2015,5,4,Mid Level,Cybersecurity Analyst,"Python, SQL, Git, Hadoop",None,"Technology, Information and Internet",Cybersecurity Analyst,IT Services and IT Consulting,Delhi,On-site,Immediate,7.9,Applied,Shortlisted,Yes
C0685,Aarav Gupta,27,Other,Noida,B.Tech,B.Tech,Information Technology,2019,5,4,Mid Level,Software Developer,"Java, JavaScript",None,Software Development,Software Developer,IT Services and IT Consulting,Bengaluru,On-site,90 days,10.0,Applied,Shortlisted,Yes
C0686,Diya Joshi,33,Male,Mumbai,B.Sc,B.Sc,Data Science,2021,6,6,Mid Level,Cybersecurity Analyst,"Python, SQL",SQL Certification,Software Development,Cybersecurity Analyst,IT Services and IT Consulting,Pune,Hybrid,15 days,10.2,Applied,Shortlisted,Yes
C0687,Kiran Menon,27,Female,Pune,BCA,BCA,Information Technology,2023,6,5,Mid Level,Database Engineer,"SQL, Python, Spark, Power BI, JavaScript",None,Software Development,Database Engineer,"Technology, Information and Internet",Noida,On-site,Immediate,8.3,Applied,Shortlisted,Yes
C0688,Sneha Das,26,Other,Gurugram,B.E.,B.E.,Computer Science,2023,3,3,Mid Level,Software Engineer,"Java, JavaScript, Git, SQL, AWS",None,Business Consulting and Services,Software Engineer,IT Services and IT Consulting,Chennai,Remote,30 days,8.8,Applied,Shortlisted,Yes
C0689,Nisha Joshi,23,Female,Noida,B.Tech,B.Tech,Artificial Intelligence,2016,1,1,Entry Level,Graduate / Trainee,"Java, JavaScript, Git, SQL",None,"Technology, Information and Internet",Software Developer,Software Development,Bengaluru,Hybrid,Immediate,5.2,Applied,Shortlisted,Yes
C0690,Kiran Menon,29,Female,Chennai,MCA,MCA,Information Technology,2020,5,4,Mid Level,AI Engineer,"Python, Artificial Intelligence, Machine Learning, AWS, Hadoop, Node.js",Google Advanced Data Analytics,Business Consulting and Services,AI Engineer,Software Development,Noida,Remote,90 days,8.7,Applied,Shortlisted,Yes
C0691,Kavya Menon,28,Female,Noida,MCA,MCA,Computer Applications,2015,2,1,Junior,Junior Data Scientist,"Python, SQL, Machine Learning",SQL Certification,Financial Services,Data Scientist,IT Services and IT Consulting,Noida,Hybrid,60 days,4.1,Applied,Shortlisted,Yes
C0692,Rahul Menon,27,Male,Noida,B.E.,B.E.,Electronics,2016,6,5,Mid Level,Salesforce Developer,"SQL, JavaScript, Azure",None,Financial Services,Salesforce Developer,Software Development,Noida,Hybrid,15 days,7.6,Applied,Shortlisted,Yes
C0693,Meera Menon,33,Other,Bengaluru,BCA,BCA,Information Technology,2022,8,8,Senior / Lead,Senior Business Intelligence Analyst,"SQL, Power BI",Microsoft Power BI,Financial Services,Business Intelligence Analyst,"Technology, Information and Internet",Gurugram,On-site,Immediate,12.9,Applied,Shortlisted,Yes
C0694,Neha Sharma,26,Male,Gurugram,M.Sc,M.Sc,Information Technology,2016,2,2,Junior,Junior Data Scientist,"Python, SQL, Machine Learning, Spark, React, Excel",None,Financial Services,Data Scientist,"Technology, Information and Internet",Gurugram,Hybrid,30 days,7.3,Applied,Shortlisted,Yes
C0695,Rohan Verma,31,Female,Delhi,B.Tech,B.Tech,Information Technology,2014,3,2,Junior,Junior Data Engineer,"Python, SQL, Spark, AWS, Docker",None,IT Services and IT Consulting,Data Engineer,Software Development,Gurugram,Hybrid,Immediate,6.1,Applied,Shortlisted,Yes
C0696,Sanjay Kumar,27,Male,Bengaluru,M.Tech,M.Tech,Data Science,2020,3,3,Mid Level,Full Stack Developer,"JavaScript, React, Node.js, Git",None,"Technology, Information and Internet",Full Stack Developer,"Technology, Information and Internet",Bengaluru,Hybrid,90 days,4.9,Applied,Shortlisted,Yes
C0697,Vikram Pillai,27,Male,Noida,B.Tech,B.Tech,Information Technology,2016,1,1,Junior,Junior Frontend Developer,"JavaScript, React, Git",None,Financial Services,Frontend Developer,IT Services and IT Consulting,Gurugram,Hybrid,60 days,4.9,Applied,Shortlisted,Yes
C0698,Aarav Das,26,Male,Bengaluru,B.E.,B.E.,Computer Science,2025,0,0,Entry Level,Graduate / Trainee,"AWS, Azure",AWS Certified Solutions Architect,Business Consulting and Services,Cloud Engineer,Software Development,Gurugram,Remote,30 days,4.4,Applied,Shortlisted,Yes
C0699,Varun Das,27,Other,Mumbai,B.Sc,B.Sc,Computer Science,2017,1,0,Junior,Junior IT Business Analyst,"SQL, Excel, Power BI",None,Financial Services,IT Business Analyst,"Technology, Information and Internet",Pune,Hybrid,15 days,3.7,Applied,Shortlisted,Yes
C0700,Sneha Menon,27,Male,Mumbai,M.Tech,M.Tech,Computer Science,2023,3,2,Junior,Junior Full Stack Developer,"JavaScript, React, Node.js, Git",None,"Technology, Information and Internet",Full Stack Developer,"Technology, Information and Internet",Mumbai,Remote,30 days,8.4,Applied,Shortlisted,Yes
C0701,Arjun Das,26,Other,Delhi,MCA,MCA,Information Technology,2024,2,1,Junior,Junior AI Engineer,"Python, Artificial Intelligence, Machine Learning, AWS, Node.js, React",Machine Learning Certificate,IT Services and IT Consulting,AI Engineer,Software Development,Gurugram,Remote,90 days,5.4,Applied,Shortlisted,Yes
C0702,Aditya Pillai,30,Male,Gurugram,MCA,MCA,Computer Applications,2015,9,8,Senior / Lead,Senior Salesforce Developer,"SQL, JavaScript",SQL Certification,"Technology, Information and Internet",Salesforce Developer,"Technology, Information and Internet",Chennai,Hybrid,Immediate,14.0,Applied,Shortlisted,Yes
C0703,Aarav Iyer,31,Other,Mumbai,M.Sc,M.Sc,Information Technology,2024,6,5,Mid Level,Business Intelligence Analyst,"SQL, Power BI",SQL Certification,Financial Services,Business Intelligence Analyst,"Technology, Information and Internet",Bengaluru,On-site,60 days,9.9,Applied,Shortlisted,Yes
C0704,Aditya Menon,27,Male,Bengaluru,M.Tech,M.Tech,Artificial Intelligence,2024,1,1,Entry Level,Graduate / Trainee,"Python, Artificial Intelligence, Machine Learning, AWS",AWS Certified Cloud Practitioner,Financial Services,AI Engineer,IT Services and IT Consulting,Hyderabad,On-site,90 days,6.6,Applied,Shortlisted,Yes
C0705,Meera Pillai,32,Other,Noida,B.E.,B.E.,Electronics,2021,6,6,Senior / Lead,Senior Full Stack Developer,"JavaScript, React, Node.js, Git",None,"Technology, Information and Internet",Full Stack Developer,Software Development,Chennai,On-site,15 days,9.6,Applied,Shortlisted,Yes
C0706,Sneha Pillai,26,Male,Gurugram,BCA,BCA,Computer Applications,2017,1,0,Junior,Junior Software Engineer,"Java, JavaScript, Git, SQL, Artificial Intelligence, React",SQL Certification,IT Services and IT Consulting,Software Engineer,Software Development,Hyderabad,On-site,Immediate,4.3,Applied,Shortlisted,Yes
C0707,Diya Sharma,31,Male,Chennai,BCA,BCA,Information Technology,2021,5,5,Mid Level,Salesforce Developer,"SQL, JavaScript",SQL Certification,Software Development,Salesforce Developer,IT Services and IT Consulting,Gurugram,On-site,15 days,11.7,Applied,Shortlisted,Yes
C0708,Priya Joshi,27,Other,Delhi,MCA,MCA,Information Technology,2017,6,5,Mid Level,QA Engineer,"Selenium, Java, Python, Git, JavaScript, GCP",Java Certification,IT Services and IT Consulting,QA Engineer,Software Development,Pune,Hybrid,Immediate,11.0,Applied,Shortlisted,Yes
C0709,Pooja Gupta,28,Male,Chennai,B.Tech,B.Tech,Computer Science,2024,3,2,Mid Level,Frontend Developer,"JavaScript, React, Git, SQL",SQL Certification,IT Services and IT Consulting,Frontend Developer,IT Services and IT Consulting,Hyderabad,Remote,15 days,8.9,Applied,Shortlisted,Yes
C0710,Vikram Kumar,30,Other,Delhi,B.Tech,B.Tech,Computer Science,2022,6,6,Senior / Lead,Senior Data Engineer,"Python, SQL, Spark, AWS, Docker, Git",SQL Certification,Software Development,Data Engineer,"Technology, Information and Internet",Mumbai,On-site,30 days,11.3,Applied,Shortlisted,Yes
C0711,Diya Iyer,29,Female,Noida,M.Tech,M.Tech,Computer Science,2018,1,1,Entry Level,Graduate / Trainee,"Java, JavaScript, Git, SQL, AWS",Java Certification,Software Development,Software Developer,IT Services and IT Consulting,Chennai,Hybrid,60 days,4.5,Applied,Shortlisted,Yes
C0712,Arjun Sharma,28,Male,Bengaluru,M.Tech,M.Tech,Data Science,2016,1,1,Junior,Junior IT Business Analyst,"SQL, Excel, Power BI, Java",SQL Certification,Financial Services,IT Business Analyst,"Technology, Information and Internet",Chennai,Remote,15 days,2.5,Applied,Shortlisted,Yes
C0713,Rahul Kumar,29,Male,Bengaluru,B.E.,B.E.,Computer Science,2016,3,3,Mid Level,Data Analyst,"Python, SQL",SQL Certification,"Technology, Information and Internet",Data Analyst,IT Services and IT Consulting,Mumbai,On-site,60 days,8.6,Applied,Shortlisted,Yes
C0714,Sneha Bose,26,Female,Delhi,BCA,BCA,Information Technology,2020,1,0,Entry Level,Graduate / Trainee,"JavaScript, React, Node.js, Git, Excel, Python",None,Business Consulting and Services,Full Stack Developer,Software Development,Hyderabad,On-site,Immediate,2.5,Applied,Shortlisted,Yes
C0715,Varun Sharma,23,Other,Noida,B.E.,B.E.,Electronics,2014,1,0,Entry Level,Graduate / Trainee,"SQL, Java, Kubernetes",None,Financial Services,SAP Consultant,Software Development,Mumbai,Hybrid,Immediate,5.6,Applied,Shortlisted,Yes
C0716,Meera Sharma,39,Male,Pune,B.E.,B.E.,Computer Science,2020,12,11,Senior / Lead,Senior Cybersecurity Analyst,"Python, SQL, Git, Selenium",SQL Certification,"Technology, Information and Internet",Cybersecurity Analyst,Software Development,Delhi,Remote,Immediate,19.5,Applied,Shortlisted,Yes
C0717,Aarav Pillai,34,Male,Delhi,B.Tech,B.Tech,Computer Science,2020,8,8,Senior / Lead,Senior QA Engineer,"Selenium, Java, Python, Git, AWS, Azure",AWS Certified Solutions Architect,Software Development,QA Engineer,"Technology, Information and Internet",Pune,Hybrid,15 days,13.6,Applied,Shortlisted,Yes
C0718,Pooja Patel,27,Male,Pune,BCA,BCA,Information Technology,2014,1,1,Entry Level,Graduate / Trainee,"AWS, Azure, Docker, Kubernetes",AWS Certified Solutions Architect,Software Development,Cloud Engineer,"Technology, Information and Internet",Delhi,On-site,90 days,4.0,Applied,Shortlisted,Yes
C0719,Sanjay Rao,24,Male,Pune,M.Tech,M.Tech,Artificial Intelligence,2017,0,0,Entry Level,Graduate / Trainee,"AWS, Docker, Kubernetes, Git, Artificial Intelligence",None,IT Services and IT Consulting,DevOps Engineer,Software Development,Chennai,Hybrid,60 days,2.5,Applied,Shortlisted,Yes
C0720,Vikram Patel,31,Male,Delhi,M.Tech,M.Tech,Artificial Intelligence,2014,8,7,Senior / Lead,Senior Database Engineer,"SQL, Python, Spark, Selenium, Java",Java Certification,Business Consulting and Services,Database Engineer,Software Development,Pune,On-site,Immediate,11.7,Applied,Shortlisted,Yes
C0721,Aditya Joshi,25,Other,Noida,B.E.,B.E.,Electronics,2017,0,0,Entry Level,Graduate / Trainee,"SQL, JavaScript",None,Business Consulting and Services,Salesforce Developer,Software Development,Hyderabad,Hybrid,Immediate,2.5,Applied,Shortlisted,Yes
C0722,Pooja Pillai,30,Other,Pune,B.E.,B.E.,Electronics,2019,3,2,Junior,Junior Salesforce Developer,"SQL, JavaScript",SQL Certification,Software Development,Salesforce Developer,Software Development,Mumbai,Hybrid,60 days,8.1,Applied,Shortlisted,Yes
C0723,Varun Patel,26,Female,Chennai,M.Sc,M.Sc,Computer Science,2019,2,2,Junior,Junior DevOps Engineer,"AWS, Docker",None,Financial Services,DevOps Engineer,Software Development,Delhi,Hybrid,60 days,4.0,Applied,Not Shortlisted,Yes
C0724,Aarav Gupta,36,Male,Pune,M.Tech,M.Tech,Artificial Intelligence,2023,8,7,Senior / Lead,Senior Data Scientist,"Python, SQL, Machine Learning, Spark, JavaScript",Machine Learning Certificate,IT Services and IT Consulting,Data Scientist,"Technology, Information and Internet",Delhi,On-site,60 days,12.2,Applied,Shortlisted,Yes
C0725,Meera Menon,27,Male,Noida,MCA,MCA,Information Technology,2020,4,4,Mid Level,AI Engineer,"Python, Artificial Intelligence, Machine Learning, AWS, Power BI",Google Advanced Data Analytics,IT Services and IT Consulting,AI Engineer,"Technology, Information and Internet",Mumbai,On-site,30 days,8.4,Applied,Shortlisted,Yes
C0726,Pooja Gupta,29,Female,Mumbai,M.Sc,M.Sc,Data Science,2014,4,4,Mid Level,Full Stack Developer,"JavaScript, React, Node.js, Git, Excel",None,Business Consulting and Services,Full Stack Developer,IT Services and IT Consulting,Hyderabad,Remote,15 days,8.1,Applied,Shortlisted,Yes
C0727,Kiran Bose,31,Other,Mumbai,B.Sc,B.Sc,Information Technology,2021,5,4,Mid Level,Software Engineer,"Java, JavaScript, Git, SQL, Excel",None,Business Consulting and Services,Software Engineer,Software Development,Noida,On-site,90 days,8.3,Applied,Shortlisted,Yes
C0728,Neha Bose,30,Male,Noida,MCA,MCA,Computer Applications,2025,6,5,Mid Level,Cloud Engineer,"AWS, Azure, Docker, Kubernetes",AWS Certified Solutions Architect,Software Development,Cloud Engineer,"Technology, Information and Internet",Mumbai,Hybrid,15 days,8.2,Applied,Shortlisted,Yes
C0729,Ananya Verma,31,Other,Delhi,M.Sc,M.Sc,Computer Science,2025,7,6,Senior / Lead,Senior Salesforce Developer,"SQL, JavaScript, AWS",AWS Certified Solutions Architect,"Technology, Information and Internet",Salesforce Developer,Software Development,Pune,Hybrid,60 days,11.6,Applied,Shortlisted,Yes
C0730,Nisha Reddy,31,Female,Hyderabad,MCA,MCA,Computer Applications,2017,5,4,Mid Level,IT Business Analyst,"SQL, Excel, Power BI, Python, Git",Microsoft Power BI,Software Development,IT Business Analyst,"Technology, Information and Internet",Gurugram,Hybrid,Immediate,8.7,Applied,Shortlisted,Yes
C0731,Pooja Verma,31,Male,Gurugram,MCA,MCA,Computer Applications,2014,3,2,Mid Level,IT Business Analyst,"SQL, Excel",SQL Certification,"Technology, Information and Internet",IT Business Analyst,Software Development,Bengaluru,Remote,60 days,7.7,Applied,Shortlisted,Yes
C0732,Aditya Menon,26,Male,Delhi,M.Sc,M.Sc,Information Technology,2014,1,1,Junior,Junior Backend Developer,"Java, Python, SQL, Git, Hadoop, Excel",SQL Certification,Business Consulting and Services,Backend Developer,IT Services and IT Consulting,Mumbai,On-site,90 days,2.5,Applied,Shortlisted,Yes
C0733,Aditya Kumar,28,Other,Gurugram,B.Tech,B.Tech,Computer Science,2023,5,5,Mid Level,Software Engineer,"Java, JavaScript, Git",None,Business Consulting and Services,Software Engineer,"Technology, Information and Internet",Noida,On-site,15 days,10.5,Applied,Shortlisted,Yes
C0734,Vikram Joshi,29,Female,Pune,B.Tech,B.Tech,Computer Science,2025,3,3,Mid Level,Frontend Developer,"JavaScript, React",None,IT Services and IT Consulting,Frontend Developer,IT Services and IT Consulting,Chennai,Remote,Immediate,6.5,Applied,Shortlisted,Yes
C0735,Aditya Patel,31,Other,Pune,B.Sc,B.Sc,Information Technology,2022,3,2,Mid Level,Software Engineer,"Java, JavaScript, Git",Java Certification,"Technology, Information and Internet",Software Engineer,IT Services and IT Consulting,Bengaluru,On-site,60 days,7.7,Applied,Shortlisted,Yes
C0736,Meera Pillai,27,Other,Mumbai,M.Sc,M.Sc,Computer Science,2024,1,0,Entry Level,Graduate / Trainee,"SQL, Java",SQL Certification,IT Services and IT Consulting,SAP Consultant,Software Development,Bengaluru,On-site,90 days,5.3,Applied,Shortlisted,Yes
C0737,Diya Joshi,38,Female,Hyderabad,M.Sc,M.Sc,Computer Science,2015,11,10,Senior / Lead,Senior Database Engineer,"SQL, Python, Spark",SQL Certification,"Technology, Information and Internet",Database Engineer,IT Services and IT Consulting,Hyderabad,Hybrid,60 days,13.3,Applied,Shortlisted,Yes
C0738,Ishaan Joshi,28,Male,Mumbai,B.Sc,B.Sc,Computer Science,2014,1,1,Junior,Junior Machine Learning Engineer,"Python, Machine Learning, Docker, AWS",AWS Certified Solutions Architect,Business Consulting and Services,Machine Learning Engineer,Software Development,Bengaluru,Hybrid,Immediate,4.8,Applied,Shortlisted,Yes
C0739,Ananya Joshi,32,Female,Gurugram,M.Tech,M.Tech,Artificial Intelligence,2018,5,5,Mid Level,Software Developer,"Java, JavaScript, Git",Java Certification,Software Development,Software Developer,"Technology, Information and Internet",Chennai,Remote,Immediate,9.4,Applied,Shortlisted,Yes
C0740,Sneha Joshi,31,Male,Bengaluru,B.Tech,B.Tech,Information Technology,2020,6,6,Senior / Lead,Senior Business Intelligence Analyst,"SQL, Power BI, Excel, Tableau, Java, JavaScript",Google Data Analytics,Financial Services,Business Intelligence Analyst,"Technology, Information and Internet",Chennai,Hybrid,90 days,13.2,Applied,Shortlisted,Yes
C0741,Rohan Joshi,36,Male,Bengaluru,M.Tech,M.Tech,Artificial Intelligence,2022,10,10,Senior / Lead,Senior Cybersecurity Analyst,"Python, SQL",SQL Certification,"Technology, Information and Internet",Cybersecurity Analyst,"Technology, Information and Internet",Gurugram,Hybrid,15 days,15.6,Applied,Shortlisted,Yes
C0742,Varun Sharma,26,Female,Hyderabad,M.Tech,M.Tech,Data Science,2016,4,3,Mid Level,Software Engineer,"Java, JavaScript, Git, SQL",None,"Technology, Information and Internet",Software Engineer,IT Services and IT Consulting,Noida,On-site,60 days,7.9,Applied,Shortlisted,Yes
C0743,Sneha Iyer,24,Male,Mumbai,B.E.,B.E.,Information Technology,2022,1,1,Junior,Junior Cybersecurity Analyst,"Python, SQL, Git, Java",Java Certification,Business Consulting and Services,Cybersecurity Analyst,"Technology, Information and Internet",Delhi,Remote,60 days,2.5,Applied,Shortlisted,Yes
C0744,Rohan Verma,31,Other,Delhi,BCA,BCA,Information Technology,2014,4,4,Mid Level,Database Engineer,"SQL, Python, Spark",SQL Certification,Software Development,Database Engineer,Software Development,Hyderabad,Remote,90 days,7.3,Applied,Shortlisted,Yes
C0745,Aditya Pillai,28,Other,Chennai,BCA,BCA,Computer Applications,2022,6,6,Mid Level,Frontend Developer,"JavaScript, React, Git, Node.js, GCP",None,Software Development,Frontend Developer,Software Development,Bengaluru,On-site,15 days,8.8,Applied,Shortlisted,Yes
C0746,Rahul Joshi,28,Male,Chennai,M.Sc,M.Sc,Computer Science,2017,6,5,Mid Level,Machine Learning Engineer,"Python, Machine Learning, Docker, AWS, Artificial Intelligence, SQL",AWS Certified Cloud Practitioner,IT Services and IT Consulting,Machine Learning Engineer,Software Development,Delhi,On-site,60 days,8.5,Applied,Shortlisted,Yes
C0747,Kiran Sharma,27,Other,Gurugram,M.Tech,M.Tech,Artificial Intelligence,2015,4,4,Mid Level,Full Stack Developer,"JavaScript, React, Node.js, Git, SQL, Artificial Intelligence",SQL Certification,Financial Services,Full Stack Developer,"Technology, Information and Internet",Delhi,Remote,90 days,7.1,Applied,Shortlisted,Yes
C0748,Neha Reddy,29,Other,Chennai,M.Sc,M.Sc,Data Science,2022,3,2,Junior,Junior AI Engineer,"Python, Artificial Intelligence, Machine Learning",Google Advanced Data Analytics,IT Services and IT Consulting,AI Engineer,"Technology, Information and Internet",Chennai,On-site,15 days,7.9,Applied,Shortlisted,Yes
C0749,Neha Verma,36,Male,Delhi,MCA,MCA,Information Technology,2025,8,7,Senior / Lead,Senior Backend Developer,"Java, Python, SQL, Git, Excel, Power BI",None,Financial Services,Backend Developer,Software Development,Delhi,Hybrid,30 days,13.2,Applied,Shortlisted,Yes
C0750,Rahul Reddy,28,Female,Bengaluru,B.E.,B.E.,Electronics,2016,4,3,Mid Level,Data Engineer,"Python, SQL, Spark, AWS, Docker, GCP",AWS Certified Cloud Practitioner,Software Development,Data Engineer,"Technology, Information and Internet",Delhi,Hybrid,30 days,8.9,Applied,Shortlisted,Yes
C0751,Rohan Pillai,33,Female,Bengaluru,B.E.,B.E.,Computer Science,2015,11,10,Senior / Lead,Senior SAP Consultant,"SQL, Java, Kubernetes, Node.js",SQL Certification,"Technology, Information and Internet",SAP Consultant,IT Services and IT Consulting,Chennai,On-site,Immediate,13.6,Applied,Shortlisted,Yes
C0752,Kavya Rao,27,Other,Bengaluru,B.Tech,B.Tech,Artificial Intelligence,2014,3,3,Mid Level,Data Analyst,"Python, SQL, Excel, Power BI, Tableau, Kubernetes",Google Data Analytics,Business Consulting and Services,Data Analyst,"Technology, Information and Internet",Bengaluru,Hybrid,15 days,7.8,Applied,Shortlisted,Yes
C0753,Arjun Rao,29,Male,Delhi,B.Sc,B.Sc,Data Science,2023,3,3,Junior,Junior Machine Learning Engineer,"Python, Machine Learning, Docker, AWS, GCP",Google Advanced Data Analytics,Business Consulting and Services,Machine Learning Engineer,IT Services and IT Consulting,Gurugram,Hybrid,30 days,8.2,Applied,Shortlisted,Yes
C0754,Rahul Kumar,30,Other,Gurugram,B.E.,B.E.,Information Technology,2017,6,6,Mid Level,Salesforce Developer,"SQL, JavaScript",SQL Certification,Business Consulting and Services,Salesforce Developer,"Technology, Information and Internet",Mumbai,Hybrid,60 days,10.9,Applied,Shortlisted,Yes
C0755,Pooja Singh,33,Female,Bengaluru,BCA,BCA,Computer Applications,2016,5,4,Mid Level,DevOps Engineer,"AWS, Docker, Kubernetes, Git, Java",AWS Certified Solutions Architect,IT Services and IT Consulting,DevOps Engineer,"Technology, Information and Internet",Pune,Remote,Immediate,9.8,Applied,Shortlisted,Yes
C0756,Arjun Nair,31,Other,Gurugram,B.E.,B.E.,Electronics,2020,3,2,Junior,Junior SAP Consultant,"SQL, Java, Python, Excel",SQL Certification,IT Services and IT Consulting,SAP Consultant,"Technology, Information and Internet",Mumbai,Hybrid,30 days,7.1,Applied,Shortlisted,Yes
C0757,Aisha Gupta,27,Other,Bengaluru,MCA,MCA,Computer Applications,2023,3,3,Mid Level,Backend Developer,"Java, Python, SQL, Git",SQL Certification,IT Services and IT Consulting,Backend Developer,Software Development,Delhi,On-site,15 days,5.6,Applied,Shortlisted,Yes
C0758,Aisha Nair,32,Female,Hyderabad,B.Sc,B.Sc,Information Technology,2025,4,3,Mid Level,Business Intelligence Analyst,"SQL, Power BI",SQL Certification,Software Development,Business Intelligence Analyst,IT Services and IT Consulting,Hyderabad,Remote,30 days,8.0,Applied,Shortlisted,Yes
C0759,Aisha Singh,35,Other,Bengaluru,MCA,MCA,Computer Applications,2023,12,11,Senior / Lead,Senior Cloud Engineer,"AWS, Azure, Docker, Kubernetes",AWS Certified Cloud Practitioner,Financial Services,Cloud Engineer,"Technology, Information and Internet",Pune,Hybrid,30 days,16.4,Applied,Shortlisted,Yes
C0760,Ananya Kumar,28,Male,Pune,M.Tech,M.Tech,Data Science,2019,4,4,Mid Level,Data Scientist,"Python, SQL, Machine Learning, Spark, AWS, Artificial Intelligence",Google Advanced Data Analytics,Software Development,Data Scientist,"Technology, Information and Internet",Hyderabad,On-site,60 days,6.2,Applied,Shortlisted,Yes
C0761,Rahul Pillai,25,Male,Bengaluru,M.Tech,M.Tech,Artificial Intelligence,2023,4,4,Mid Level,Salesforce Developer,"SQL, JavaScript",None,Financial Services,Salesforce Developer,"Technology, Information and Internet",Pune,Remote,15 days,9.6,Applied,Shortlisted,Yes
C0762,Kiran Verma,27,Female,Mumbai,B.Tech,B.Tech,Artificial Intelligence,2021,4,4,Mid Level,Cybersecurity Analyst,"Python, SQL, Git",SQL Certification,Software Development,Cybersecurity Analyst,IT Services and IT Consulting,Gurugram,Hybrid,30 days,4.4,Applied,Shortlisted,Yes
C0763,Vikram Menon,23,Male,Gurugram,MCA,MCA,Information Technology,2024,0,0,Entry Level,Graduate / Trainee,"SQL, Java",SQL Certification,Financial Services,SAP Consultant,IT Services and IT Consulting,Noida,Remote,60 days,4.4,Applied,Shortlisted,Yes
C0764,Sanjay Menon,28,Male,Bengaluru,M.Tech,M.Tech,Data Science,2018,3,2,Mid Level,IT Support Engineer,"SQL, Git, Spark",None,Business Consulting and Services,IT Support Engineer,Software Development,Hyderabad,Hybrid,Immediate,6.5,Applied,Shortlisted,Yes
C0765,Kiran Sharma,25,Other,Bengaluru,B.Tech,B.Tech,Information Technology,2023,3,3,Junior,Junior Software Developer,"Java, JavaScript, Git, SQL, GCP, Node.js",Java Certification,Financial Services,Software Developer,"Technology, Information and Internet",Mumbai,Hybrid,Immediate,8.7,Applied,Shortlisted,Yes
C0766,Rohan Verma,30,Other,Gurugram,BCA,BCA,Information Technology,2020,9,9,Senior / Lead,Senior Software Developer,"Java, JavaScript, Git, SQL",Java Certification,IT Services and IT Consulting,Software Developer,"Technology, Information and Internet",Pune,Remote,15 days,13.0,Applied,Shortlisted,Yes
C0767,Kiran Joshi,23,Female,Mumbai,B.Sc,B.Sc,Data Science,2019,1,1,Entry Level,Graduate / Trainee,"Java, JavaScript, Git, SQL, Spark",None,Software Development,Software Developer,Software Development,Hyderabad,Remote,30 days,3.3,Applied,Shortlisted,Yes
C0768,Rohan Menon,27,Female,Chennai,B.E.,B.E.,Computer Science,2016,1,0,Entry Level,Graduate / Trainee,"Python, SQL, Excel, Power BI, Tableau",None,"Technology, Information and Internet",Data Analyst,Software Development,Chennai,On-site,30 days,5.1,Applied,Shortlisted,Yes
C0769,Diya Iyer,26,Other,Hyderabad,B.Tech,B.Tech,Computer Science,2016,3,3,Mid Level,IT Support Engineer,"SQL, Git",SQL Certification,Software Development,IT Support Engineer,Software Development,Gurugram,Hybrid,Immediate,7.1,Applied,Shortlisted,Yes
C0770,Vikram Rao,25,Male,Delhi,MCA,MCA,Information Technology,2021,4,3,Mid Level,IT Business Analyst,"SQL, Excel, Power BI, Spark, Java",Java Certification,Software Development,IT Business Analyst,IT Services and IT Consulting,Mumbai,Hybrid,90 days,8.3,Applied,Shortlisted,Yes
C0771,Kavya Nair,28,Male,Bengaluru,M.Sc,M.Sc,Computer Science,2021,6,6,Mid Level,Backend Developer,"Java, Python, SQL, Git, Spark",None,Business Consulting and Services,Backend Developer,IT Services and IT Consulting,Hyderabad,Remote,90 days,13.0,Applied,Shortlisted,Yes
C0772,Varun Pillai,25,Male,Mumbai,B.Sc,B.Sc,Computer Science,2022,1,0,Junior,Junior Frontend Developer,"JavaScript, React, Git",None,IT Services and IT Consulting,Frontend Developer,Software Development,Gurugram,Remote,30 days,4.2,Applied,Shortlisted,Yes
C0773,Kiran Patel,29,Female,Chennai,B.Sc,B.Sc,Information Technology,2021,4,3,Mid Level,Software Developer,"Java, JavaScript, Git, SQL",SQL Certification,Business Consulting and Services,Software Developer,IT Services and IT Consulting,Pune,On-site,90 days,8.5,Applied,Shortlisted,Yes
C0774,Sanjay Reddy,22,Male,Delhi,B.Sc,B.Sc,Information Technology,2018,1,0,Entry Level,Graduate / Trainee,"Python, SQL, Git, React, GCP",SQL Certification,Financial Services,Cybersecurity Analyst,IT Services and IT Consulting,Delhi,Remote,30 days,5.1,Applied,Shortlisted,Yes
C0775,Ishaan Kumar,31,Other,Gurugram,B.Sc,B.Sc,Data Science,2015,3,2,Junior,Junior Salesforce Developer,"SQL, JavaScript",SQL Certification,Financial Services,Salesforce Developer,"Technology, Information and Internet",Chennai,On-site,Immediate,7.7,Applied,Shortlisted,Yes
C0776,Rohan Verma,26,Other,Hyderabad,B.E.,B.E.,Computer Science,2024,5,4,Mid Level,Salesforce Developer,"SQL, JavaScript",SQL Certification,Software Development,Salesforce Developer,IT Services and IT Consulting,Noida,On-site,30 days,9.9,Applied,Shortlisted,Yes
C0777,Aarav Joshi,22,Female,Chennai,B.Sc,B.Sc,Computer Science,2020,1,1,Entry Level,Graduate / Trainee,"SQL, Java",Java Certification,Software Development,SAP Consultant,IT Services and IT Consulting,Pune,Hybrid,60 days,5.8,Applied,Shortlisted,Yes
C0778,Rohan Reddy,27,Other,Hyderabad,M.Tech,M.Tech,Artificial Intelligence,2017,4,3,Mid Level,Salesforce Developer,"SQL, JavaScript, Excel",SQL Certification,"Technology, Information and Internet",Salesforce Developer,IT Services and IT Consulting,Delhi,On-site,15 days,8.2,Applied,Shortlisted,Yes
C0779,Kiran Pillai,33,Other,Gurugram,B.Tech,B.Tech,Information Technology,2024,9,9,Senior / Lead,Senior Data Scientist,"Python, SQL, Machine Learning, Spark, GCP",SQL Certification,Software Development,Data Scientist,Software Development,Noida,Remote,30 days,13.9,Applied,Shortlisted,Yes
C0780,Arjun Menon,25,Other,Gurugram,BCA,BCA,Computer Applications,2016,4,4,Mid Level,IT Business Analyst,"SQL, Excel",SQL Certification,Software Development,IT Business Analyst,"Technology, Information and Internet",Noida,Remote,Immediate,7.9,Applied,Shortlisted,Yes
C0781,Vikram Kumar,24,Male,Noida,M.Tech,M.Tech,Data Science,2018,1,1,Junior,Junior QA Engineer,"Selenium, Java, Python, Git, GCP, SQL",Selenium Automation Certification,Software Development,QA Engineer,Software Development,Hyderabad,On-site,90 days,4.9,Applied,Shortlisted,Yes
C0782,Varun Verma,30,Male,Chennai,B.Tech,B.Tech,Information Technology,2015,3,2,Junior,Junior Salesforce Developer,"SQL, JavaScript",SQL Certification,Software Development,Salesforce Developer,IT Services and IT Consulting,Noida,Remote,60 days,5.5,Applied,Shortlisted,Yes
C0783,Varun Iyer,32,Female,Bengaluru,B.Sc,B.Sc,Information Technology,2020,5,5,Mid Level,Data Scientist,"Python, SQL, Machine Learning, Spark",None,"Technology, Information and Internet",Data Scientist,Software Development,Bengaluru,Hybrid,90 days,7.4,Applied,Shortlisted,Yes
C0784,Diya Kumar,24,Female,Chennai,BCA,BCA,Computer Applications,2025,2,2,Junior,Junior SAP Consultant,"SQL, Java",Java Certification,Software Development,SAP Consultant,"Technology, Information and Internet",Pune,On-site,15 days,6.4,Applied,Shortlisted,Yes
C0785,Diya Joshi,28,Female,Chennai,B.Sc,B.Sc,Computer Science,2023,4,4,Mid Level,Software Developer,"Java, JavaScript",Java Certification,Software Development,Software Developer,"Technology, Information and Internet",Noida,Remote,30 days,4.4,Applied,Shortlisted,Yes
C0786,Aisha Rao,27,Male,Delhi,B.Tech,B.Tech,Computer Science,2024,3,2,Mid Level,SAP Consultant,"SQL, Java",None,Financial Services,SAP Consultant,IT Services and IT Consulting,Delhi,Remote,30 days,6.1,Applied,Shortlisted,Yes
C0787,Vikram Sharma,27,Male,Chennai,BCA,BCA,Information Technology,2024,0,0,Entry Level,Graduate / Trainee,"Selenium, Java, Python, Git, Spark",Java Certification,IT Services and IT Consulting,QA Engineer,IT Services and IT Consulting,Gurugram,Hybrid,90 days,3.3,Applied,Shortlisted,Yes
C0788,Neha Sharma,27,Female,Pune,BCA,BCA,Computer Applications,2025,3,2,Junior,Junior QA Engineer,"Selenium, Java, Python, Git, Tableau",None,Financial Services,QA Engineer,IT Services and IT Consulting,Delhi,On-site,Immediate,6.0,Applied,Shortlisted,Yes
C0789,Kiran Verma,30,Other,Hyderabad,BCA,BCA,Computer Applications,2023,3,2,Mid Level,Software Engineer,"Java, JavaScript, Git, SQL",Java Certification,Business Consulting and Services,Software Engineer,"Technology, Information and Internet",Pune,On-site,Immediate,6.9,Applied,Shortlisted,Yes
C0790,Neha Kumar,29,Male,Delhi,M.Sc,M.Sc,Data Science,2015,4,3,Mid Level,Software Engineer,"Java, JavaScript, Git, SQL, Selenium, Artificial Intelligence",Java Certification,Financial Services,Software Engineer,"Technology, Information and Internet",Hyderabad,Remote,15 days,9.2,Applied,Shortlisted,Yes
C0791,Aisha Nair,27,Other,Chennai,M.Sc,M.Sc,Data Science,2014,4,3,Mid Level,Data Engineer,"Python, SQL, Spark, AWS, Docker, Excel, React",SQL Certification,Financial Services,Data Engineer,"Technology, Information and Internet",Noida,Hybrid,Immediate,5.6,Applied,Shortlisted,Yes
C0792,Arjun Nair,33,Female,Gurugram,M.Sc,M.Sc,Data Science,2023,6,6,Mid Level,AI Engineer,"Python, Artificial Intelligence, Machine Learning, AWS",Google Advanced Data Analytics,"Technology, Information and Internet",AI Engineer,IT Services and IT Consulting,Noida,On-site,30 days,9.2,Applied,Shortlisted,Yes
C0793,Aditya Joshi,30,Female,Hyderabad,BCA,BCA,Computer Applications,2019,3,2,Mid Level,QA Engineer,"Selenium, Java, Python, Git, Azure, SQL",None,IT Services and IT Consulting,QA Engineer,Software Development,Chennai,Hybrid,60 days,4.6,Applied,Shortlisted,Yes
C0794,Diya Joshi,32,Female,Pune,B.Sc,B.Sc,Information Technology,2019,11,10,Senior / Lead,Senior IT Support Engineer,"SQL, Git",None,Business Consulting and Services,IT Support Engineer,Software Development,Mumbai,Remote,15 days,16.7,Applied,Shortlisted,Yes
C0795,Kiran Rao,31,Other,Hyderabad,M.Sc,M.Sc,Computer Science,2016,4,4,Mid Level,DevOps Engineer,"AWS, Docker, Kubernetes, Git, Hadoop, Java",AWS Certified Cloud Practitioner,"Technology, Information and Internet",DevOps Engineer,Software Development,Chennai,Remote,30 days,9.8,Applied,Shortlisted,Yes
C0796,Meera Das,30,Other,Mumbai,B.Sc,B.Sc,Data Science,2019,3,2,Junior,Junior Data Engineer,"Python, SQL, Spark, AWS, Docker, Java",None,Software Development,Data Engineer,IT Services and IT Consulting,Mumbai,On-site,Immediate,7.1,Applied,Shortlisted,Yes
C0797,Priya Singh,24,Male,Gurugram,B.Sc,B.Sc,Computer Science,2019,2,2,Junior,Junior SAP Consultant,"SQL, Java, Machine Learning",Google Advanced Data Analytics,"Technology, Information and Internet",SAP Consultant,IT Services and IT Consulting,Delhi,On-site,60 days,4.2,Applied,Shortlisted,Yes
C0798,Rahul Patel,31,Other,Pune,MCA,MCA,Computer Applications,2021,6,5,Mid Level,Business Intelligence Analyst,"SQL, Power BI, Excel, Tableau, Artificial Intelligence, AWS",Google Data Analytics,"Technology, Information and Internet",Business Intelligence Analyst,"Technology, Information and Internet",Pune,Hybrid,30 days,9.0,Applied,Shortlisted,Yes
C0799,Rohan Iyer,38,Female,Delhi,B.Sc,B.Sc,Information Technology,2015,11,11,Senior / Lead,Senior DevOps Engineer,"AWS, Docker",None,Software Development,DevOps Engineer,"Technology, Information and Internet",Gurugram,On-site,15 days,19.7,Applied,Not Shortlisted,Yes
C0800,Varun Bose,31,Male,Pune,BCA,BCA,Information Technology,2016,4,3,Mid Level,Data Analyst,"Python, SQL, Excel, Power BI, Tableau, Java",Microsoft Power BI,Software Development,Data Analyst,Software Development,Delhi,On-site,90 days,10.6,Applied,Shortlisted,Yes
C0801,Rohan Singh,29,Other,Chennai,M.Tech,M.Tech,Computer Science,2015,3,3,Junior,Junior Cloud Engineer,"AWS, Azure, Docker, Kubernetes",Microsoft Azure Fundamentals,Software Development,Cloud Engineer,IT Services and IT Consulting,Noida,On-site,90 days,7.8,Applied,Shortlisted,Yes
C0802,Vikram Joshi,30,Male,Hyderabad,MCA,MCA,Computer Applications,2016,6,5,Mid Level,Machine Learning Engineer,"Python, Machine Learning, Docker, AWS",AWS Certified Cloud Practitioner,Financial Services,Machine Learning Engineer,IT Services and IT Consulting,Delhi,On-site,30 days,10.5,Applied,Shortlisted,Yes
C0803,Nisha Sharma,29,Female,Noida,BCA,BCA,Information Technology,2024,1,1,Entry Level,Graduate / Trainee,"AWS, Azure, Docker, Kubernetes, JavaScript, Machine Learning",None,Software Development,Cloud Engineer,IT Services and IT Consulting,Hyderabad,On-site,Immediate,5.3,Applied,Shortlisted,Yes
C0804,Pooja Gupta,28,Female,Bengaluru,MCA,MCA,Computer Applications,2015,3,3,Mid Level,SAP Consultant,"SQL, Java, Spark, Git",SQL Certification,"Technology, Information and Internet",SAP Consultant,Software Development,Chennai,On-site,30 days,7.2,Applied,Shortlisted,Yes
C0805,Varun Pillai,29,Male,Pune,BCA,BCA,Information Technology,2024,3,3,Mid Level,Cloud Engineer,"AWS, Azure, Docker, Kubernetes, Hadoop",AWS Certified Cloud Practitioner,Software Development,Cloud Engineer,Software Development,Bengaluru,Hybrid,15 days,9.6,Applied,Shortlisted,Yes
C0806,Ishaan Patel,27,Male,Mumbai,M.Tech,M.Tech,Artificial Intelligence,2015,2,2,Junior,Junior SAP Consultant,"SQL, Java",Java Certification,"Technology, Information and Internet",SAP Consultant,"Technology, Information and Internet",Gurugram,On-site,90 days,3.3,Applied,Shortlisted,Yes
C0807,Priya Patel,22,Female,Pune,BCA,BCA,Computer Applications,2018,1,0,Junior,Junior DevOps Engineer,"AWS, Docker, Kubernetes, Git, GCP",AWS Certified Solutions Architect,Business Consulting and Services,DevOps Engineer,Software Development,Hyderabad,Remote,90 days,5.0,Applied,Shortlisted,Yes
C0808,Nisha Sharma,29,Other,Pune,M.Tech,M.Tech,Computer Science,2021,4,4,Mid Level,Software Developer,"Java, JavaScript, Git, SQL, Azure",SQL Certification,Financial Services,Software Developer,IT Services and IT Consulting,Gurugram,On-site,Immediate,11.8,Applied,Shortlisted,Yes
C0809,Kiran Verma,26,Female,Gurugram,MCA,MCA,Computer Applications,2021,3,3,Junior,Junior Data Engineer,"Python, SQL, Spark, AWS, Docker, Hadoop, Node.js",SQL Certification,"Technology, Information and Internet",Data Engineer,IT Services and IT Consulting,Delhi,Hybrid,Immediate,7.3,Applied,Shortlisted,Yes
C0810,Meera Sharma,29,Female,Noida,B.Sc,B.Sc,Data Science,2021,1,1,Entry Level,Graduate / Trainee,"Python, Artificial Intelligence, Machine Learning",None,Business Consulting and Services,AI Engineer,IT Services and IT Consulting,Hyderabad,Hybrid,30 days,3.2,Applied,Shortlisted,Yes
C0811,Aditya Verma,39,Male,Noida,B.E.,B.E.,Information Technology,2022,12,12,Senior / Lead,Senior Data Analyst,"Python, SQL, Excel, Power BI, Tableau",None,Software Development,Data Analyst,IT Services and IT Consulting,Hyderabad,Hybrid,90 days,15.4,Applied,Shortlisted,Yes
C0812,Pooja Menon,25,Female,Noida,BCA,BCA,Computer Applications,2016,1,0,Junior,Junior Cybersecurity Analyst,"Python, SQL, Git",SQL Certification,Software Development,Cybersecurity Analyst,"Technology, Information and Internet",Bengaluru,Hybrid,15 days,5.0,Applied,Shortlisted,Yes
C0813,Ishaan Sharma,37,Other,Bengaluru,M.Tech,M.Tech,Computer Science,2023,9,8,Senior / Lead,Senior Cybersecurity Analyst,"Python, SQL, Git, Power BI, Azure",Microsoft Power BI,Financial Services,Cybersecurity Analyst,IT Services and IT Consulting,Delhi,On-site,Immediate,13.6,Applied,Shortlisted,Yes
C0814,Sneha Sharma,30,Male,Noida,M.Sc,M.Sc,Computer Science,2023,2,2,Junior,Junior IT Support Engineer,"SQL, Git",None,Financial Services,IT Support Engineer,IT Services and IT Consulting,Noida,Remote,Immediate,3.4,Applied,Shortlisted,Yes
C0815,Priya Pillai,23,Male,Delhi,M.Tech,M.Tech,Artificial Intelligence,2018,1,0,Entry Level,Graduate / Trainee,"Java, JavaScript",Java Certification,Financial Services,Software Engineer,Software Development,Hyderabad,On-site,Immediate,4.6,Applied,Shortlisted,Yes
C0816,Rahul Gupta,27,Other,Noida,B.Sc,B.Sc,Computer Science,2018,0,0,Entry Level,Graduate / Trainee,"SQL, Python, Spark",SQL Certification,Financial Services,Database Engineer,Software Development,Noida,On-site,60 days,3.1,Applied,Shortlisted,Yes
C0817,Aarav Iyer,26,Male,Hyderabad,B.Sc,B.Sc,Data Science,2018,1,0,Entry Level,Graduate / Trainee,"SQL, Python, Spark, React, Docker",SQL Certification,"Technology, Information and Internet",Database Engineer,IT Services and IT Consulting,Mumbai,On-site,90 days,2.5,Applied,Shortlisted,Yes
C0818,Meera Bose,27,Male,Gurugram,B.E.,B.E.,Computer Science,2021,5,5,Mid Level,Software Engineer,"Java, JavaScript, Git, SQL",SQL Certification,Financial Services,Software Engineer,Software Development,Noida,On-site,90 days,9.5,Applied,Shortlisted,Yes
C0819,Rohan Bose,29,Other,Bengaluru,B.Sc,B.Sc,Information Technology,2020,3,3,Mid Level,Business Intelligence Analyst,"SQL, Power BI, Excel, Tableau, GCP, Artificial Intelligence",Microsoft Power BI,Software Development,Business Intelligence Analyst,IT Services and IT Consulting,Gurugram,Hybrid,15 days,8.8,Applied,Shortlisted,Yes
C0820,Meera Joshi,27,Other,Mumbai,B.Tech,B.Tech,Computer Science,2014,0,0,Entry Level,Graduate / Trainee,"Python, Machine Learning, Docker",None,Software Development,Machine Learning Engineer,Software Development,Noida,Remote,60 days,2.5,Applied,Shortlisted,Yes
C0821,Nisha Singh,27,Female,Chennai,B.E.,B.E.,Computer Science,2014,4,3,Mid Level,Database Engineer,"SQL, Python, Spark, Docker",SQL Certification,Software Development,Database Engineer,IT Services and IT Consulting,Hyderabad,Hybrid,Immediate,8.1,Applied,Shortlisted,Yes
C0822,Ananya Bose,27,Female,Delhi,B.E.,B.E.,Computer Science,2024,0,0,Entry Level,Graduate / Trainee,"SQL, Git",None,IT Services and IT Consulting,IT Support Engineer,"Technology, Information and Internet",Mumbai,On-site,60 days,2.5,Applied,Shortlisted,Yes
C0823,Aditya Singh,39,Female,Bengaluru,BCA,BCA,Computer Applications,2022,11,11,Senior / Lead,Senior Data Engineer,"Python, SQL, Spark, AWS, Docker, JavaScript, Machine Learning",Google Advanced Data Analytics,Financial Services,Data Engineer,Software Development,Gurugram,Hybrid,15 days,16.1,Applied,Shortlisted,Yes
C0824,Rahul Nair,28,Male,Delhi,BCA,BCA,Computer Applications,2016,3,2,Junior,Junior Software Developer,"Java, JavaScript, Git, SQL, Kubernetes, AWS",None,IT Services and IT Consulting,Software Developer,"Technology, Information and Internet",Hyderabad,Hybrid,60 days,7.7,Applied,Shortlisted,Yes
C0825,Sneha Pillai,26,Other,Noida,B.Sc,B.Sc,Information Technology,2015,1,0,Junior,Junior Data Analyst,"Python, SQL, Excel, Power BI, Tableau, Spark",Microsoft Power BI,Financial Services,Data Analyst,IT Services and IT Consulting,Delhi,Remote,60 days,5.7,Applied,Shortlisted,Yes
C0826,Meera Nair,38,Female,Delhi,B.Sc,B.Sc,Data Science,2017,12,11,Senior / Lead,Senior Software Developer,"Java, JavaScript, Git, SQL, Node.js, Tableau",Java Certification,Financial Services,Software Developer,"Technology, Information and Internet",Delhi,Remote,30 days,18.2,Applied,Shortlisted,Yes
C0827,Kiran Joshi,29,Female,Chennai,M.Sc,M.Sc,Computer Science,2023,1,1,Entry Level,Graduate / Trainee,"Java, JavaScript, Git, SQL, Docker",SQL Certification,Financial Services,Software Developer,Software Development,Hyderabad,Hybrid,Immediate,3.2,Applied,Shortlisted,Yes
C0828,Rahul Singh,29,Male,Bengaluru,BCA,BCA,Computer Applications,2016,3,3,Mid Level,AI Engineer,"Python, Artificial Intelligence, Machine Learning, AWS, Power BI",Microsoft Power BI,IT Services and IT Consulting,AI Engineer,Software Development,Chennai,Remote,90 days,8.4,Applied,Shortlisted,Yes
C0829,Priya Sharma,40,Female,Pune,B.E.,B.E.,Computer Science,2025,12,11,Senior / Lead,Senior Cybersecurity Analyst,"Python, SQL",SQL Certification,IT Services and IT Consulting,Cybersecurity Analyst,Software Development,Noida,Remote,90 days,17.4,Applied,Shortlisted,Yes
C0830,Rohan Singh,22,Female,Chennai,B.Sc,B.Sc,Computer Science,2014,1,0,Junior,Junior Salesforce Developer,"SQL, JavaScript",None,Software Development,Salesforce Developer,"Technology, Information and Internet",Hyderabad,On-site,30 days,2.5,Applied,Shortlisted,Yes
C0831,Aarav Gupta,33,Female,Delhi,B.Tech,B.Tech,Computer Science,2016,6,6,Mid Level,DevOps Engineer,"AWS, Docker, Kubernetes, Git, Tableau",AWS Certified Cloud Practitioner,"Technology, Information and Internet",DevOps Engineer,"Technology, Information and Internet",Chennai,Hybrid,30 days,10.9,Applied,Shortlisted,Yes
C0832,Ananya Das,30,Male,Mumbai,BCA,BCA,Computer Applications,2025,6,5,Mid Level,Software Developer,"Java, JavaScript, Git",None,Financial Services,Software Developer,"Technology, Information and Internet",Bengaluru,Remote,90 days,13.0,Applied,Shortlisted,Yes
C0833,Rahul Reddy,31,Male,Chennai,B.Sc,B.Sc,Computer Science,2023,3,3,Mid Level,Frontend Developer,"JavaScript, React",None,Business Consulting and Services,Frontend Developer,Software Development,Noida,Hybrid,Immediate,6.8,Applied,Shortlisted,Yes
C0834,Priya Sharma,25,Other,Pune,MCA,MCA,Information Technology,2025,1,0,Entry Level,Graduate / Trainee,"SQL, Python",SQL Certification,Financial Services,Database Engineer,IT Services and IT Consulting,Noida,Hybrid,30 days,3.5,Applied,Shortlisted,Yes
C0835,Kiran Pillai,28,Female,Gurugram,B.Tech,B.Tech,Computer Science,2023,3,3,Junior,Junior Business Intelligence Analyst,"SQL, Power BI, Excel, Tableau, GCP, React",Microsoft Power BI,Financial Services,Business Intelligence Analyst,"Technology, Information and Internet",Delhi,On-site,15 days,6.4,Applied,Shortlisted,Yes
C0836,Arjun Pillai,22,Male,Hyderabad,B.Sc,B.Sc,Computer Science,2022,1,0,Entry Level,Graduate / Trainee,"SQL, JavaScript, Tableau",None,"Technology, Information and Internet",Salesforce Developer,IT Services and IT Consulting,Chennai,Hybrid,Immediate,2.5,Applied,Shortlisted,Yes
C0837,Nisha Reddy,30,Female,Chennai,M.Tech,M.Tech,Artificial Intelligence,2018,5,5,Mid Level,Database Engineer,"SQL, Python, Spark, React, Git",SQL Certification,IT Services and IT Consulting,Database Engineer,IT Services and IT Consulting,Hyderabad,Hybrid,60 days,8.8,Applied,Shortlisted,Yes
C0838,Aarav Verma,27,Female,Noida,B.E.,B.E.,Computer Science,2023,6,6,Mid Level,Data Analyst,"Python, SQL, Excel, Power BI, Tableau",None,IT Services and IT Consulting,Data Analyst,"Technology, Information and Internet",Noida,On-site,90 days,8.7,Applied,Shortlisted,Yes
C0839,Aisha Menon,36,Male,Chennai,M.Sc,M.Sc,Information Technology,2019,9,8,Senior / Lead,Senior Data Engineer,"Python, SQL, Spark, AWS, Docker",AWS Certified Cloud Practitioner,Financial Services,Data Engineer,IT Services and IT Consulting,Noida,Hybrid,Immediate,15.8,Applied,Shortlisted,Yes
C0840,Nisha Sharma,38,Male,Delhi,BCA,BCA,Computer Applications,2023,11,11,Senior / Lead,Senior Machine Learning Engineer,"Python, Machine Learning, Docker",Machine Learning Certificate,"Technology, Information and Internet",Machine Learning Engineer,"Technology, Information and Internet",Noida,Hybrid,90 days,15.3,Applied,Shortlisted,Yes
C0841,Neha Menon,26,Female,Noida,M.Sc,M.Sc,Computer Science,2025,1,0,Entry Level,Graduate / Trainee,"Python, Machine Learning, Docker, AWS",None,"Technology, Information and Internet",Machine Learning Engineer,"Technology, Information and Internet",Chennai,Hybrid,60 days,3.2,Applied,Shortlisted,Yes
C0842,Aisha Rao,32,Male,Gurugram,B.Sc,B.Sc,Data Science,2020,10,9,Senior / Lead,Senior Software Developer,"Java, JavaScript, Git, SQL, Excel, Machine Learning",Machine Learning Certificate,"Technology, Information and Internet",Software Developer,IT Services and IT Consulting,Hyderabad,On-site,60 days,17.6,Applied,Shortlisted,Yes
C0843,Kavya Gupta,32,Male,Hyderabad,BCA,BCA,Information Technology,2024,5,4,Mid Level,Backend Developer,"Java, Python, SQL, Git, Excel",Java Certification,"Technology, Information and Internet",Backend Developer,"Technology, Information and Internet",Mumbai,Hybrid,Immediate,9.6,Applied,Shortlisted,Yes
C0844,Kavya Patel,26,Male,Delhi,M.Sc,M.Sc,Data Science,2024,4,3,Mid Level,Backend Developer,"Java, Python, SQL, Git",None,Financial Services,Backend Developer,IT Services and IT Consulting,Gurugram,Hybrid,30 days,8.3,Applied,Shortlisted,Yes
C0845,Sneha Gupta,34,Other,Noida,MCA,MCA,Information Technology,2025,9,9,Senior / Lead,Senior Frontend Developer,"JavaScript, React, Git",None,IT Services and IT Consulting,Frontend Developer,"Technology, Information and Internet",Bengaluru,Hybrid,15 days,14.5,Applied,Shortlisted,Yes
C0846,Pooja Nair,27,Other,Chennai,B.Tech,B.Tech,Computer Science,2019,0,0,Entry Level,Graduate / Trainee,"Java, JavaScript, Git, SQL, Excel",Java Certification,Business Consulting and Services,Software Engineer,"Technology, Information and Internet",Gurugram,Hybrid,90 days,3.1,Applied,Shortlisted,Yes
C0847,Meera Pillai,28,Other,Gurugram,MCA,MCA,Information Technology,2014,5,4,Mid Level,Data Analyst,"Python, SQL, Excel, Power BI, Tableau",None,Business Consulting and Services,Data Analyst,IT Services and IT Consulting,Hyderabad,On-site,90 days,9.6,Applied,Shortlisted,Yes
C0848,Vikram Menon,25,Other,Bengaluru,MCA,MCA,Information Technology,2022,3,2,Mid Level,QA Engineer,"Selenium, Java, Python, Git, Power BI",None,Software Development,QA Engineer,"Technology, Information and Internet",Noida,On-site,90 days,8.4,Applied,Shortlisted,Yes
C0849,Kavya Nair,21,Female,Noida,B.Tech,B.Tech,Information Technology,2018,0,0,Entry Level,Graduate / Trainee,"JavaScript, React, Git, SQL, Spark",SQL Certification,Business Consulting and Services,Frontend Developer,IT Services and IT Consulting,Bengaluru,Hybrid,90 days,5.6,Applied,Shortlisted,Yes
C0850,Kavya Bose,29,Female,Gurugram,M.Sc,M.Sc,Computer Science,2023,5,5,Mid Level,IT Business Analyst,"SQL, Excel",None,Software Development,IT Business Analyst,Software Development,Hyderabad,On-site,Immediate,11.9,Applied,Shortlisted,Yes
C0851,Ananya Joshi,23,Male,Mumbai,B.Sc,B.Sc,Information Technology,2017,2,1,Junior,Junior Business Intelligence Analyst,"SQL, Power BI",Google Data Analytics,Business Consulting and Services,Business Intelligence Analyst,"Technology, Information and Internet",Gurugram,On-site,15 days,4.9,Applied,Shortlisted,Yes
C0852,Diya Sharma,26,Male,Bengaluru,BCA,BCA,Computer Applications,2017,1,1,Junior,Junior Full Stack Developer,"JavaScript, React, Node.js, Git, AWS",None,Financial Services,Full Stack Developer,Software Development,Delhi,Remote,15 days,7.5,Applied,Shortlisted,Yes
C0853,Pooja Bose,29,Female,Gurugram,BCA,BCA,Computer Applications,2015,3,2,Mid Level,QA Engineer,"Selenium, Java, Python, Git, SQL",None,Software Development,QA Engineer,IT Services and IT Consulting,Mumbai,Hybrid,90 days,4.7,Applied,Shortlisted,Yes
C0854,Arjun Kumar,27,Female,Hyderabad,B.Sc,B.Sc,Data Science,2019,0,0,Entry Level,Graduate / Trainee,"SQL, Python, Spark",SQL Certification,Business Consulting and Services,Database Engineer,IT Services and IT Consulting,Delhi,Remote,15 days,3.8,Applied,Shortlisted,Yes
C0855,Arjun Reddy,26,Other,Chennai,B.Tech,B.Tech,Artificial Intelligence,2020,0,0,Entry Level,Graduate / Trainee,"Python, Artificial Intelligence, Machine Learning, AWS",AWS Certified Cloud Practitioner,"Technology, Information and Internet",AI Engineer,Software Development,Chennai,Hybrid,30 days,2.8,Applied,Shortlisted,Yes
C0856,Priya Rao,27,Male,Hyderabad,M.Sc,M.Sc,Information Technology,2020,5,4,Mid Level,Machine Learning Engineer,"Python, Machine Learning, Docker, AWS, SQL",Google Advanced Data Analytics,"Technology, Information and Internet",Machine Learning Engineer,Software Development,Pune,Remote,90 days,10.7,Applied,Shortlisted,Yes
C0857,Rohan Pillai,32,Female,Chennai,B.Tech,B.Tech,Information Technology,2021,5,4,Mid Level,Cybersecurity Analyst,"Python, SQL, Git, Hadoop, Docker",SQL Certification,IT Services and IT Consulting,Cybersecurity Analyst,IT Services and IT Consulting,Delhi,Hybrid,Immediate,6.9,Applied,Shortlisted,Yes
C0858,Meera Iyer,29,Male,Noida,MCA,MCA,Information Technology,2024,1,0,Entry Level,Graduate / Trainee,"Selenium, Java, Python, Git, Kubernetes",Java Certification,IT Services and IT Consulting,QA Engineer,Software Development,Mumbai,Hybrid,60 days,2.5,Applied,Shortlisted,Yes
C0859,Sneha Kumar,28,Female,Pune,M.Sc,M.Sc,Computer Science,2018,6,5,Mid Level,Machine Learning Engineer,"Python, Machine Learning, Docker, AWS",AWS Certified Solutions Architect,Financial Services,Machine Learning Engineer,IT Services and IT Consulting,Pune,Hybrid,15 days,10.4,Applied,Shortlisted,Yes
C0860,Neha Sharma,27,Female,Gurugram,M.Tech,M.Tech,Data Science,2019,4,3,Mid Level,Frontend Developer,"JavaScript, React, Git",None,Business Consulting and Services,Frontend Developer,IT Services and IT Consulting,Delhi,Remote,90 days,7.6,Applied,Shortlisted,Yes
C0861,Diya Iyer,25,Other,Hyderabad,M.Sc,M.Sc,Data Science,2021,1,0,Entry Level,Graduate / Trainee,"Python, Machine Learning, Docker, AWS, Hadoop, Excel",AWS Certified Solutions Architect,IT Services and IT Consulting,Machine Learning Engineer,"Technology, Information and Internet",Bengaluru,Hybrid,30 days,4.3,Applied,Shortlisted,Yes
C0862,Meera Kumar,22,Male,Chennai,B.E.,B.E.,Electronics,2023,0,0,Entry Level,Graduate / Trainee,"Python, SQL, Machine Learning, Spark",None,IT Services and IT Consulting,Data Scientist,IT Services and IT Consulting,Mumbai,Remote,15 days,2.5,Applied,Shortlisted,Yes
C0863,Meera Rao,24,Male,Gurugram,B.Tech,B.Tech,Computer Science,2021,1,0,Junior,Junior QA Engineer,"Selenium, Java, Python, Git, SQL, Hadoop",Java Certification,Financial Services,QA Engineer,IT Services and IT Consulting,Delhi,On-site,Immediate,4.6,Applied,Shortlisted,Yes
C0864,Rahul Nair,26,Male,Gurugram,MCA,MCA,Computer Applications,2017,4,4,Mid Level,SAP Consultant,"SQL, Java",Java Certification,Financial Services,SAP Consultant,"Technology, Information and Internet",Hyderabad,On-site,60 days,6.1,Applied,Shortlisted,Yes
C0865,Neha Verma,27,Female,Bengaluru,B.Sc,B.Sc,Data Science,2017,6,6,Mid Level,Data Engineer,"Python, SQL, Spark, AWS, Docker, Java",Java Certification,IT Services and IT Consulting,Data Engineer,IT Services and IT Consulting,Chennai,Hybrid,90 days,12.6,Applied,Shortlisted,Yes
C0866,Sneha Kumar,28,Male,Bengaluru,MCA,MCA,Information Technology,2025,4,4,Mid Level,Business Intelligence Analyst,"SQL, Power BI, Excel, Tableau, Machine Learning, Python",Google Advanced Data Analytics,Business Consulting and Services,Business Intelligence Analyst,Software Development,Gurugram,On-site,Immediate,7.8,Applied,Shortlisted,Yes
C0867,Sanjay Pillai,26,Male,Mumbai,B.Sc,B.Sc,Computer Science,2018,0,0,Entry Level,Graduate / Trainee,"JavaScript, React, Node.js, Git, Python",None,Financial Services,Full Stack Developer,"Technology, Information and Internet",Gurugram,On-site,30 days,2.5,Applied,Shortlisted,Yes
C0868,Vikram Pillai,25,Other,Bengaluru,BCA,BCA,Information Technology,2019,0,0,Entry Level,Graduate / Trainee,"Python, SQL, Excel, Power BI, Tableau, React, Machine Learning",Microsoft Power BI,Business Consulting and Services,Data Analyst,IT Services and IT Consulting,Hyderabad,On-site,Immediate,4.3,Applied,Shortlisted,Yes
C0869,Priya Singh,34,Other,Delhi,BCA,BCA,Computer Applications,2015,12,11,Senior / Lead,Senior Machine Learning Engineer,"Python, Machine Learning, Docker, AWS",None,Software Development,Machine Learning Engineer,IT Services and IT Consulting,Pune,On-site,60 days,16.2,Applied,Shortlisted,Yes
C0870,Aarav Pillai,32,Other,Chennai,MCA,MCA,Computer Applications,2018,6,5,Mid Level,Full Stack Developer,"JavaScript, React, Node.js, Git, Python",None,Business Consulting and Services,Full Stack Developer,IT Services and IT Consulting,Bengaluru,On-site,90 days,8.3,Applied,Shortlisted,Yes
C0871,Meera Pillai,30,Male,Noida,BCA,BCA,Information Technology,2018,6,5,Mid Level,Data Scientist,"Python, SQL, Machine Learning, Spark",Machine Learning Certificate,Business Consulting and Services,Data Scientist,IT Services and IT Consulting,Pune,On-site,15 days,11.1,Applied,Shortlisted,Yes
C0872,Neha Singh,29,Other,Noida,M.Tech,M.Tech,Computer Science,2019,3,3,Junior,Junior Data Scientist,"Python, SQL, Machine Learning, Spark, Docker, Hadoop",Google Advanced Data Analytics,Software Development,Data Scientist,Software Development,Delhi,Remote,90 days,4.9,Applied,Shortlisted,Yes
C0873,Arjun Nair,27,Female,Noida,B.Tech,B.Tech,Computer Science,2018,1,0,Junior,Junior Data Scientist,"Python, SQL, Machine Learning, Spark, Node.js, Java",Google Advanced Data Analytics,Software Development,Data Scientist,Software Development,Delhi,Remote,15 days,2.8,Applied,Shortlisted,Yes
C0874,Vikram Reddy,22,Male,Hyderabad,B.Tech,B.Tech,Artificial Intelligence,2017,1,1,Entry Level,Graduate / Trainee,"Java, Python, SQL, Git, GCP",SQL Certification,Financial Services,Backend Developer,"Technology, Information and Internet",Pune,On-site,Immediate,6.1,Applied,Shortlisted,Yes
C0875,Nisha Reddy,31,Male,Chennai,B.Sc,B.Sc,Computer Science,2022,3,2,Junior,Junior DevOps Engineer,"AWS, Docker, Kubernetes, Git, Spark",AWS Certified Solutions Architect,Business Consulting and Services,DevOps Engineer,Software Development,Mumbai,On-site,90 days,9.3,Applied,Shortlisted,Yes
C0876,Pooja Rao,36,Female,Noida,B.Tech,B.Tech,Artificial Intelligence,2019,12,12,Senior / Lead,Senior QA Engineer,"Selenium, Java, Python, Git",None,"Technology, Information and Internet",QA Engineer,Software Development,Mumbai,On-site,60 days,15.6,Applied,Shortlisted,Yes
C0877,Arjun Reddy,23,Female,Noida,B.E.,B.E.,Electronics,2023,1,1,Junior,Junior Database Engineer,"SQL, Python, Spark, Excel",SQL Certification,Software Development,Database Engineer,"Technology, Information and Internet",Bengaluru,Hybrid,15 days,4.5,Applied,Shortlisted,Yes
C0878,Varun Patel,31,Other,Noida,BCA,BCA,Computer Applications,2018,5,5,Mid Level,Data Engineer,"Python, SQL, Spark, AWS, Docker",SQL Certification,IT Services and IT Consulting,Data Engineer,IT Services and IT Consulting,Chennai,Remote,30 days,8.9,Applied,Shortlisted,Yes
C0879,Pooja Bose,23,Female,Mumbai,B.Tech,B.Tech,Artificial Intelligence,2018,0,0,Entry Level,Graduate / Trainee,"SQL, Power BI, Excel, Tableau, Artificial Intelligence, Machine Learning",Machine Learning Certificate,IT Services and IT Consulting,Business Intelligence Analyst,"Technology, Information and Internet",Delhi,Remote,15 days,2.5,Applied,Shortlisted,Yes
C0880,Kiran Sharma,28,Female,Delhi,BCA,BCA,Computer Applications,2019,4,3,Mid Level,Data Scientist,"Python, SQL",SQL Certification,Financial Services,Data Scientist,Software Development,Gurugram,Remote,Immediate,8.6,Applied,Shortlisted,Yes
C0881,Rohan Das,31,Other,Delhi,BCA,BCA,Information Technology,2023,3,2,Mid Level,AI Engineer,"Python, Artificial Intelligence, Machine Learning, AWS, Azure",None,IT Services and IT Consulting,AI Engineer,"Technology, Information and Internet",Mumbai,On-site,90 days,9.7,Applied,Shortlisted,Yes
C0882,Neha Gupta,33,Male,Pune,B.Sc,B.Sc,Data Science,2017,6,6,Senior / Lead,Senior Business Intelligence Analyst,"SQL, Power BI, Excel, Tableau",Microsoft Power BI,Software Development,Business Intelligence Analyst,Software Development,Noida,Hybrid,30 days,8.5,Applied,Shortlisted,Yes
C0883,Aditya Reddy,28,Other,Mumbai,B.Tech,B.Tech,Information Technology,2015,0,0,Entry Level,Graduate / Trainee,"Python, SQL, Spark, AWS, Docker, Excel",AWS Certified Cloud Practitioner,"Technology, Information and Internet",Data Engineer,IT Services and IT Consulting,Mumbai,Hybrid,Immediate,3.3,Applied,Shortlisted,Yes
C0884,Vikram Das,24,Female,Mumbai,B.E.,B.E.,Information Technology,2014,1,1,Junior,Junior Salesforce Developer,"SQL, JavaScript, Kubernetes",SQL Certification,Financial Services,Salesforce Developer,Software Development,Bengaluru,On-site,30 days,2.5,Applied,Shortlisted,Yes
C0885,Rohan Iyer,27,Male,Delhi,BCA,BCA,Information Technology,2024,1,1,Junior,Junior Cybersecurity Analyst,"Python, SQL, Git, Java, Kubernetes",SQL Certification,IT Services and IT Consulting,Cybersecurity Analyst,IT Services and IT Consulting,Bengaluru,On-site,15 days,3.0,Applied,Shortlisted,Yes
C0886,Arjun Joshi,27,Female,Hyderabad,M.Sc,M.Sc,Computer Science,2017,4,4,Mid Level,IT Support Engineer,"SQL, Git",SQL Certification,Software Development,IT Support Engineer,"Technology, Information and Internet",Pune,On-site,60 days,6.6,Applied,Shortlisted,Yes
C0887,Rahul Menon,27,Other,Gurugram,M.Tech,M.Tech,Data Science,2017,1,1,Junior,Junior Software Developer,"Java, JavaScript, Git, SQL",SQL Certification,Business Consulting and Services,Software Developer,Software Development,Bengaluru,Hybrid,15 days,3.5,Applied,Shortlisted,Yes
C0888,Aditya Menon,24,Female,Chennai,M.Tech,M.Tech,Computer Science,2019,3,2,Junior,Junior Business Intelligence Analyst,"SQL, Power BI, Excel, Tableau, Git",SQL Certification,Business Consulting and Services,Business Intelligence Analyst,Software Development,Bengaluru,Remote,15 days,6.7,Applied,Shortlisted,Yes
C0889,Aisha Sharma,24,Female,Pune,BCA,BCA,Computer Applications,2025,1,0,Entry Level,Graduate / Trainee,"AWS, Docker, Kubernetes, Git, Python",AWS Certified Cloud Practitioner,Business Consulting and Services,DevOps Engineer,IT Services and IT Consulting,Noida,Remote,Immediate,3.4,Applied,Shortlisted,Yes
C0890,Aditya Gupta,21,Female,Noida,B.Tech,B.Tech,Information Technology,2016,0,0,Entry Level,Graduate / Trainee,"Python, Artificial Intelligence, Machine Learning, AWS, Spark, Git",None,Business Consulting and Services,AI Engineer,IT Services and IT Consulting,Mumbai,On-site,90 days,4.2,Applied,Shortlisted,Yes
C0891,Priya Pillai,32,Female,Delhi,M.Sc,M.Sc,Information Technology,2015,5,5,Mid Level,Cloud Engineer,"AWS, Azure, Docker, Kubernetes, Spark",AWS Certified Cloud Practitioner,Financial Services,Cloud Engineer,IT Services and IT Consulting,Gurugram,On-site,90 days,10.6,Applied,Shortlisted,Yes
C0892,Ananya Menon,28,Other,Gurugram,B.E.,B.E.,Information Technology,2014,0,0,Entry Level,Graduate / Trainee,"JavaScript, React, Node.js, Git",None,"Technology, Information and Internet",Full Stack Developer,"Technology, Information and Internet",Mumbai,Hybrid,90 days,3.3,Applied,Shortlisted,Yes
C0893,Aditya Kumar,34,Other,Bengaluru,BCA,BCA,Computer Applications,2022,6,6,Mid Level,Frontend Developer,"JavaScript, React, Git",None,"Technology, Information and Internet",Frontend Developer,Software Development,Chennai,Hybrid,90 days,10.3,Applied,Shortlisted,Yes
C0894,Kiran Verma,32,Male,Gurugram,B.Tech,B.Tech,Information Technology,2015,5,4,Mid Level,Data Analyst,"Python, SQL, Excel, Power BI, Tableau, Spark, Java",SQL Certification,Business Consulting and Services,Data Analyst,IT Services and IT Consulting,Chennai,Remote,Immediate,10.0,Applied,Shortlisted,Yes
C0895,Priya Iyer,34,Female,Mumbai,BCA,BCA,Information Technology,2023,11,11,Senior / Lead,Senior SAP Consultant,"SQL, Java",SQL Certification,Financial Services,SAP Consultant,"Technology, Information and Internet",Hyderabad,Hybrid,15 days,17.8,Applied,Shortlisted,Yes
C0896,Aditya Patel,30,Female,Chennai,M.Tech,M.Tech,Artificial Intelligence,2018,8,7,Senior / Lead,Senior Business Intelligence Analyst,"SQL, Power BI, Excel, Tableau",Google Data Analytics,IT Services and IT Consulting,Business Intelligence Analyst,"Technology, Information and Internet",Hyderabad,Remote,90 days,14.0,Applied,Shortlisted,Yes
C0897,Arjun Rao,26,Male,Chennai,B.Sc,B.Sc,Data Science,2025,5,4,Mid Level,Machine Learning Engineer,"Python, Machine Learning, Docker, AWS",Machine Learning Certificate,IT Services and IT Consulting,Machine Learning Engineer,Software Development,Noida,On-site,15 days,8.4,Applied,Shortlisted,Yes
C0898,Vikram Gupta,26,Other,Chennai,M.Tech,M.Tech,Data Science,2017,3,3,Mid Level,IT Support Engineer,"SQL, Git",SQL Certification,Financial Services,IT Support Engineer,IT Services and IT Consulting,Pune,Hybrid,90 days,6.7,Applied,Shortlisted,Yes
C0899,Kiran Singh,27,Other,Delhi,B.E.,B.E.,Information Technology,2018,5,5,Mid Level,AI Engineer,"Python, Artificial Intelligence, Machine Learning, AWS",AWS Certified Cloud Practitioner,Software Development,AI Engineer,IT Services and IT Consulting,Chennai,Remote,15 days,8.6,Applied,Shortlisted,Yes
C0900,Ananya Joshi,29,Male,Chennai,B.Tech,B.Tech,Artificial Intelligence,2023,3,2,Junior,Junior IT Support Engineer,"SQL, Git",SQL Certification,Business Consulting and Services,IT Support Engineer,Software Development,Gurugram,Remote,30 days,6.5,Applied,Shortlisted,Yes
C0901,Aarav Iyer,26,Other,Noida,B.Tech,B.Tech,Artificial Intelligence,2025,3,3,Mid Level,Full Stack Developer,"JavaScript, React, Node.js, Git",None,"Technology, Information and Internet",Full Stack Developer,Software Development,Mumbai,Remote,30 days,5.6,Applied,Shortlisted,Yes
C0902,Arjun Bose,29,Other,Chennai,MCA,MCA,Information Technology,2017,2,1,Junior,Junior Salesforce Developer,"SQL, JavaScript, Azure",Microsoft Azure Fundamentals,Business Consulting and Services,Salesforce Developer,"Technology, Information and Internet",Mumbai,Remote,30 days,4.2,Applied,Shortlisted,Yes
C0903,Neha Menon,29,Male,Chennai,BCA,BCA,Computer Applications,2018,6,5,Mid Level,Business Intelligence Analyst,"SQL, Power BI",SQL Certification,Business Consulting and Services,Business Intelligence Analyst,"Technology, Information and Internet",Pune,On-site,15 days,9.3,Applied,Shortlisted,Yes
C0904,Vikram Iyer,29,Male,Gurugram,M.Sc,M.Sc,Information Technology,2023,5,5,Mid Level,Software Developer,"Java, JavaScript",Java Certification,Software Development,Software Developer,"Technology, Information and Internet",Bengaluru,Hybrid,60 days,8.5,Applied,Shortlisted,Yes
C0905,Pooja Kumar,38,Other,Pune,B.Sc,B.Sc,Information Technology,2015,10,10,Senior / Lead,Senior Software Engineer,"Java, JavaScript, Git, SQL, Hadoop",None,Financial Services,Software Engineer,"Technology, Information and Internet",Hyderabad,Remote,60 days,15.0,Applied,Shortlisted,Yes
C0906,Sanjay Gupta,29,Male,Bengaluru,B.Tech,B.Tech,Computer Science,2014,3,3,Mid Level,Database Engineer,"SQL, Python, Spark, Kubernetes",SQL Certification,Financial Services,Database Engineer,Software Development,Mumbai,On-site,60 days,7.2,Applied,Shortlisted,Yes
C0907,Aisha Das,29,Female,Gurugram,B.Sc,B.Sc,Information Technology,2018,2,1,Junior,Junior Backend Developer,"Java, Python",Java Certification,Financial Services,Backend Developer,"Technology, Information and Internet",Delhi,On-site,60 days,3.8,Applied,Shortlisted,Yes
C0908,Pooja Gupta,25,Male,Chennai,M.Tech,M.Tech,Data Science,2020,4,3,Mid Level,SAP Consultant,"SQL, Java",Java Certification,IT Services and IT Consulting,SAP Consultant,Software Development,Chennai,Remote,Immediate,8.2,Applied,Shortlisted,Yes
C0909,Diya Verma,27,Other,Pune,B.Sc,B.Sc,Computer Science,2021,6,6,Mid Level,IT Business Analyst,"SQL, Excel, Power BI, Docker",Microsoft Power BI,Financial Services,IT Business Analyst,"Technology, Information and Internet",Chennai,Hybrid,30 days,7.7,Applied,Shortlisted,Yes
C0910,Aditya Bose,27,Female,Chennai,B.E.,B.E.,Information Technology,2024,6,6,Mid Level,Business Intelligence Analyst,"SQL, Power BI, Excel, Tableau, Kubernetes, AWS",SQL Certification,Financial Services,Business Intelligence Analyst,Software Development,Bengaluru,Remote,15 days,11.7,Applied,Shortlisted,Yes
C0911,Varun Joshi,29,Female,Hyderabad,BCA,BCA,Information Technology,2015,6,5,Mid Level,Machine Learning Engineer,"Python, Machine Learning, Docker, AWS, GCP",None,Business Consulting and Services,Machine Learning Engineer,IT Services and IT Consulting,Bengaluru,Hybrid,60 days,10.8,Applied,Shortlisted,Yes
C0912,Sanjay Sharma,29,Male,Mumbai,M.Sc,M.Sc,Information Technology,2020,6,5,Mid Level,Full Stack Developer,"JavaScript, React, Node.js, Git, Power BI, Selenium",Microsoft Power BI,IT Services and IT Consulting,Full Stack Developer,Software Development,Bengaluru,On-site,30 days,10.3,Applied,Shortlisted,Yes
C0913,Ananya Joshi,29,Other,Delhi,M.Tech,M.Tech,Artificial Intelligence,2021,8,7,Senior / Lead,Senior Data Scientist,"Python, SQL, Machine Learning, Spark, Docker",Machine Learning Certificate,IT Services and IT Consulting,Data Scientist,"Technology, Information and Internet",Mumbai,On-site,90 days,14.6,Applied,Shortlisted,Yes
C0914,Diya Rao,26,Other,Chennai,M.Sc,M.Sc,Information Technology,2016,0,0,Entry Level,Graduate / Trainee,"Python, SQL, Git, Excel",None,Software Development,Cybersecurity Analyst,Software Development,Bengaluru,On-site,60 days,2.5,Applied,Shortlisted,Yes
C0915,Neha Kumar,29,Male,Pune,B.Sc,B.Sc,Data Science,2017,5,4,Mid Level,Data Analyst,"Python, SQL, Excel, Power BI, Tableau, Azure, Kubernetes",SQL Certification,Financial Services,Data Analyst,"Technology, Information and Internet",Delhi,On-site,15 days,9.1,Applied,Shortlisted,Yes
C0916,Aarav Rao,26,Male,Pune,B.Sc,B.Sc,Computer Science,2015,3,3,Junior,Junior Backend Developer,"Java, Python, SQL, Git, Docker",Java Certification,Financial Services,Backend Developer,Software Development,Hyderabad,On-site,30 days,8.7,Applied,Shortlisted,Yes
C0917,Kavya Nair,27,Female,Noida,M.Tech,M.Tech,Artificial Intelligence,2018,3,2,Mid Level,Cloud Engineer,"AWS, Azure, Docker, Kubernetes, JavaScript, Machine Learning",Google Advanced Data Analytics,"Technology, Information and Internet",Cloud Engineer,IT Services and IT Consulting,Hyderabad,On-site,90 days,7.9,Applied,Shortlisted,Yes
C0918,Diya Nair,24,Male,Mumbai,M.Sc,M.Sc,Data Science,2023,3,3,Mid Level,QA Engineer,"Selenium, Java, Python, Git, Artificial Intelligence, Machine Learning",Java Certification,Financial Services,QA Engineer,IT Services and IT Consulting,Noida,On-site,Immediate,6.6,Applied,Shortlisted,Yes
C0919,Sneha Gupta,32,Other,Delhi,B.E.,B.E.,Electronics,2025,7,7,Senior / Lead,Senior IT Business Analyst,"SQL, Excel, Power BI, Java, Selenium",Java Certification,Business Consulting and Services,IT Business Analyst,"Technology, Information and Internet",Noida,On-site,90 days,12.7,Applied,Shortlisted,Yes
C0920,Rohan Patel,26,Female,Delhi,M.Sc,M.Sc,Data Science,2018,5,5,Mid Level,AI Engineer,"Python, Artificial Intelligence, Machine Learning, AWS",Machine Learning Certificate,Software Development,AI Engineer,IT Services and IT Consulting,Pune,On-site,30 days,7.8,Applied,Shortlisted,Yes
C0921,Meera Patel,26,Other,Delhi,B.Tech,B.Tech,Information Technology,2023,0,0,Entry Level,Graduate / Trainee,"Python, Machine Learning, Docker, AWS, Excel",Machine Learning Certificate,Business Consulting and Services,Machine Learning Engineer,"Technology, Information and Internet",Mumbai,On-site,Immediate,2.5,Applied,Shortlisted,Yes
C0922,Kiran Das,35,Other,Gurugram,BCA,BCA,Computer Applications,2019,11,10,Senior / Lead,Senior Software Developer,"Java, JavaScript, Git, SQL, Power BI",Microsoft Power BI,"Technology, Information and Internet",Software Developer,Software Development,Gurugram,Hybrid,15 days,18.3,Applied,Shortlisted,Yes
C0923,Rahul Patel,27,Other,Delhi,BCA,BCA,Information Technology,2019,4,4,Mid Level,IT Business Analyst,"SQL, Excel, Power BI, Spark",SQL Certification,IT Services and IT Consulting,IT Business Analyst,IT Services and IT Consulting,Delhi,Hybrid,Immediate,8.5,Applied,Shortlisted,Yes
C0924,Nisha Menon,27,Male,Noida,M.Tech,M.Tech,Artificial Intelligence,2022,5,4,Mid Level,Backend Developer,"Java, Python, SQL, Git, Artificial Intelligence",SQL Certification,Financial Services,Backend Developer,"Technology, Information and Internet",Mumbai,Hybrid,30 days,10.6,Applied,Shortlisted,Yes
C0925,Vikram Nair,30,Female,Bengaluru,M.Sc,M.Sc,Information Technology,2020,2,1,Junior,Junior SAP Consultant,"SQL, Java, Artificial Intelligence",Java Certification,"Technology, Information and Internet",SAP Consultant,"Technology, Information and Internet",Mumbai,Remote,15 days,4.4,Applied,Shortlisted,Yes
C0926,Kiran Menon,23,Female,Mumbai,B.Tech,B.Tech,Information Technology,2019,2,1,Junior,Junior DevOps Engineer,"AWS, Docker, Kubernetes",None,Software Development,DevOps Engineer,Software Development,Delhi,On-site,90 days,5.4,Applied,Shortlisted,Yes
C0927,Rohan Joshi,29,Male,Mumbai,BCA,BCA,Computer Applications,2016,6,6,Mid Level,Machine Learning Engineer,"Python, Machine Learning, Docker, AWS, Artificial Intelligence, React",None,IT Services and IT Consulting,Machine Learning Engineer,IT Services and IT Consulting,Noida,Hybrid,15 days,9.7,Applied,Shortlisted,Yes
C0928,Sneha Sharma,31,Other,Chennai,B.Sc,B.Sc,Computer Science,2019,3,3,Junior,Junior Machine Learning Engineer,"Python, Machine Learning, Docker, AWS",AWS Certified Cloud Practitioner,Financial Services,Machine Learning Engineer,IT Services and IT Consulting,Bengaluru,Hybrid,Immediate,7.0,Applied,Shortlisted,Yes
C0929,Kavya Reddy,31,Other,Chennai,M.Sc,M.Sc,Information Technology,2015,3,3,Mid Level,SAP Consultant,"SQL, Java",Java Certification,IT Services and IT Consulting,SAP Consultant,"Technology, Information and Internet",Delhi,On-site,15 days,7.3,Applied,Shortlisted,Yes
C0930,Nisha Nair,36,Female,Gurugram,BCA,BCA,Computer Applications,2019,8,7,Senior / Lead,Senior Data Analyst,"Python, SQL, Excel, Power BI, Tableau, React, Node.js",Google Data Analytics,IT Services and IT Consulting,Data Analyst,"Technology, Information and Internet",Hyderabad,Remote,30 days,12.2,Applied,Shortlisted,Yes
C0931,Rahul Das,29,Female,Hyderabad,MCA,MCA,Computer Applications,2020,3,3,Mid Level,Data Scientist,"Python, SQL",SQL Certification,IT Services and IT Consulting,Data Scientist,Software Development,Chennai,Hybrid,Immediate,6.2,Applied,Shortlisted,Yes
C0932,Sneha Das,25,Other,Hyderabad,M.Sc,M.Sc,Computer Science,2014,4,3,Mid Level,Data Engineer,"Python, SQL, Spark, AWS, Docker, Azure",None,Software Development,Data Engineer,IT Services and IT Consulting,Noida,Remote,60 days,9.8,Applied,Shortlisted,Yes
C0933,Priya Singh,36,Male,Pune,MCA,MCA,Computer Applications,2021,12,11,Senior / Lead,Senior Machine Learning Engineer,"Python, Machine Learning, Docker, AWS",Google Advanced Data Analytics,Business Consulting and Services,Machine Learning Engineer,"Technology, Information and Internet",Gurugram,On-site,60 days,14.3,Applied,Shortlisted,Yes
C0934,Rohan Rao,32,Other,Gurugram,BCA,BCA,Computer Applications,2020,5,5,Mid Level,Data Engineer,"Python, SQL, Spark, AWS, Docker, Power BI",Microsoft Power BI,"Technology, Information and Internet",Data Engineer,"Technology, Information and Internet",Noida,On-site,90 days,9.1,Applied,Shortlisted,Yes
C0935,Meera Iyer,29,Female,Pune,B.Tech,B.Tech,Computer Science,2025,1,0,Entry Level,Graduate / Trainee,"SQL, Excel, Power BI, Node.js, Spark",SQL Certification,Financial Services,IT Business Analyst,Software Development,Gurugram,On-site,30 days,6.5,Applied,Shortlisted,Yes
C0936,Kiran Singh,35,Other,Gurugram,M.Tech,M.Tech,Data Science,2024,12,12,Senior / Lead,Senior DevOps Engineer,"AWS, Docker, Kubernetes, Git, Azure, Python",AWS Certified Solutions Architect,Business Consulting and Services,DevOps Engineer,IT Services and IT Consulting,Gurugram,Remote,60 days,18.1,Applied,Shortlisted,Yes
C0937,Neha Bose,30,Male,Gurugram,BCA,BCA,Information Technology,2014,3,2,Junior,Junior Data Scientist,"Python, SQL, Machine Learning, Spark, Git, GCP",Google Advanced Data Analytics,"Technology, Information and Internet",Data Scientist,IT Services and IT Consulting,Delhi,Remote,60 days,7.2,Applied,Shortlisted,Yes
C0938,Diya Sharma,23,Other,Bengaluru,B.Tech,B.Tech,Artificial Intelligence,2021,1,1,Entry Level,Graduate / Trainee,"SQL, JavaScript",SQL Certification,Software Development,Salesforce Developer,Software Development,Hyderabad,Hybrid,60 days,4.1,Applied,Shortlisted,Yes
C0939,Sanjay Joshi,23,Male,Noida,M.Tech,M.Tech,Data Science,2017,0,0,Entry Level,Graduate / Trainee,"SQL, Java",SQL Certification,Business Consulting and Services,SAP Consultant,"Technology, Information and Internet",Gurugram,Hybrid,30 days,2.9,Applied,Shortlisted,Yes
C0940,Diya Gupta,23,Female,Bengaluru,M.Tech,M.Tech,Artificial Intelligence,2018,1,0,Junior,Junior Cybersecurity Analyst,"Python, SQL, Git",SQL Certification,"Technology, Information and Internet",Cybersecurity Analyst,Software Development,Chennai,Hybrid,90 days,3.6,Applied,Shortlisted,Yes
C0941,Rohan Singh,26,Female,Delhi,MCA,MCA,Information Technology,2022,4,4,Mid Level,IT Support Engineer,"SQL, Git, Azure, GCP",Microsoft Azure Fundamentals,IT Services and IT Consulting,IT Support Engineer,IT Services and IT Consulting,Mumbai,Hybrid,15 days,8.3,Applied,Shortlisted,Yes
C0942,Rahul Patel,25,Other,Chennai,B.Tech,B.Tech,Computer Science,2022,3,3,Mid Level,IT Business Analyst,"SQL, Excel, Power BI",None,Financial Services,IT Business Analyst,IT Services and IT Consulting,Bengaluru,Hybrid,60 days,3.9,Applied,Shortlisted,Yes
C0943,Aditya Joshi,28,Female,Noida,B.Tech,B.Tech,Information Technology,2025,6,5,Mid Level,Full Stack Developer,"JavaScript, React, Node.js, Git, Artificial Intelligence, Spark",None,Software Development,Full Stack Developer,IT Services and IT Consulting,Hyderabad,Remote,30 days,7.3,Applied,Shortlisted,Yes
C0944,Kavya Sharma,23,Female,Gurugram,B.Sc,B.Sc,Information Technology,2018,0,0,Entry Level,Graduate / Trainee,"Python, Artificial Intelligence, Machine Learning",None,Software Development,AI Engineer,IT Services and IT Consulting,Hyderabad,Remote,90 days,5.2,Applied,Shortlisted,Yes
C0945,Priya Sharma,27,Female,Delhi,M.Sc,M.Sc,Information Technology,2017,1,0,Entry Level,Graduate / Trainee,"SQL, Java, AWS",SQL Certification,Financial Services,SAP Consultant,"Technology, Information and Internet",Pune,On-site,90 days,2.5,Applied,Shortlisted,Yes
C0946,Kavya Joshi,22,Female,Hyderabad,B.Tech,B.Tech,Artificial Intelligence,2022,0,0,Entry Level,Graduate / Trainee,"Python, Machine Learning, Docker",None,"Technology, Information and Internet",Machine Learning Engineer,Software Development,Chennai,Hybrid,90 days,2.9,Applied,Shortlisted,Yes
C0947,Priya Das,23,Other,Gurugram,B.Sc,B.Sc,Information Technology,2021,1,0,Junior,Junior Salesforce Developer,"SQL, JavaScript, Hadoop",SQL Certification,"Technology, Information and Internet",Salesforce Developer,Software Development,Hyderabad,On-site,15 days,3.2,Applied,Shortlisted,Yes
C0948,Kavya Sharma,27,Other,Bengaluru,BCA,BCA,Computer Applications,2020,6,6,Mid Level,Software Developer,"Java, JavaScript, Git, SQL",SQL Certification,"Technology, Information and Internet",Software Developer,Software Development,Pune,Remote,60 days,10.2,Applied,Shortlisted,Yes
C0949,Neha Das,24,Other,Chennai,M.Sc,M.Sc,Data Science,2018,3,2,Junior,Junior Backend Developer,"Java, Python, SQL, Git",SQL Certification,Financial Services,Backend Developer,Software Development,Delhi,Hybrid,15 days,5.8,Applied,Shortlisted,Yes
C0950,Meera Reddy,33,Male,Bengaluru,M.Sc,M.Sc,Information Technology,2021,5,5,Mid Level,Software Developer,"Java, JavaScript, Git, SQL, GCP",Java Certification,"Technology, Information and Internet",Software Developer,IT Services and IT Consulting,Hyderabad,On-site,60 days,8.8,Applied,Shortlisted,Yes
C0951,Priya Gupta,24,Female,Gurugram,BCA,BCA,Information Technology,2016,3,2,Mid Level,Business Intelligence Analyst,"SQL, Power BI, Excel, Tableau, Git, AWS",None,Software Development,Business Intelligence Analyst,IT Services and IT Consulting,Delhi,On-site,15 days,7.6,Applied,Shortlisted,Yes
C0952,Kavya Bose,26,Male,Delhi,M.Tech,M.Tech,Computer Science,2015,2,2,Junior,Junior Frontend Developer,"JavaScript, React, Git, Power BI, GCP",Google Data Analytics,Financial Services,Frontend Developer,IT Services and IT Consulting,Hyderabad,On-site,Immediate,5.9,Applied,Shortlisted,Yes
C0953,Nisha Kumar,28,Female,Delhi,M.Tech,M.Tech,Computer Science,2022,4,4,Mid Level,Data Scientist,"Python, SQL, Machine Learning, Spark",SQL Certification,Business Consulting and Services,Data Scientist,"Technology, Information and Internet",Delhi,Remote,30 days,11.5,Applied,Shortlisted,Yes
C0954,Meera Menon,26,Female,Gurugram,MCA,MCA,Information Technology,2015,2,2,Junior,Junior Data Analyst,"Python, SQL, Excel",SQL Certification,Software Development,Data Analyst,"Technology, Information and Internet",Hyderabad,Remote,15 days,6.1,Applied,Shortlisted,Yes
C0955,Aditya Das,25,Male,Pune,B.Tech,B.Tech,Artificial Intelligence,2018,3,2,Junior,Junior QA Engineer,"Selenium, Java, Python, Git, Artificial Intelligence",Selenium Automation Certification,Financial Services,QA Engineer,"Technology, Information and Internet",Chennai,On-site,Immediate,7.1,Applied,Shortlisted,Yes
C0956,Ananya Joshi,37,Male,Bengaluru,MCA,MCA,Computer Applications,2016,11,10,Senior / Lead,Senior Backend Developer,"Java, Python, SQL, Git, Hadoop",Java Certification,Business Consulting and Services,Backend Developer,Software Development,Chennai,On-site,15 days,17.1,Applied,Shortlisted,Yes
C0957,Varun Singh,30,Other,Mumbai,B.Sc,B.Sc,Information Technology,2024,2,1,Junior,Junior IT Support Engineer,"SQL, Git, Power BI",Google Data Analytics,Financial Services,IT Support Engineer,"Technology, Information and Internet",Mumbai,On-site,15 days,6.0,Applied,Shortlisted,Yes
C0958,Kiran Joshi,28,Male,Pune,M.Tech,M.Tech,Data Science,2025,2,1,Junior,Junior Backend Developer,"Java, Python, SQL, Git",Java Certification,"Technology, Information and Internet",Backend Developer,Software Development,Chennai,Remote,Immediate,6.2,Applied,Shortlisted,Yes
C0959,Rahul Verma,26,Male,Noida,MCA,MCA,Information Technology,2015,5,5,Mid Level,AI Engineer,"Python, Artificial Intelligence, Machine Learning, AWS",None,Financial Services,AI Engineer,IT Services and IT Consulting,Gurugram,Hybrid,15 days,10.5,Applied,Shortlisted,Yes
C0960,Ishaan Singh,27,Other,Delhi,M.Sc,M.Sc,Information Technology,2022,6,5,Mid Level,QA Engineer,"Selenium, Java, Python",Selenium Automation Certification,Software Development,QA Engineer,"Technology, Information and Internet",Bengaluru,On-site,Immediate,8.5,Applied,Shortlisted,Yes
C0961,Nisha Pillai,35,Other,Bengaluru,M.Sc,M.Sc,Computer Science,2022,11,11,Senior / Lead,Senior Backend Developer,"Java, Python, SQL, Git, JavaScript",None,"Technology, Information and Internet",Backend Developer,Software Development,Chennai,Remote,90 days,16.2,Applied,Shortlisted,Yes
C0962,Kiran Menon,27,Other,Chennai,B.E.,B.E.,Electronics,2021,5,5,Mid Level,Data Scientist,"Python, SQL, Machine Learning",Machine Learning Certificate,"Technology, Information and Internet",Data Scientist,"Technology, Information and Internet",Mumbai,Hybrid,Immediate,9.8,Applied,Shortlisted,Yes
C0963,Rohan Verma,31,Female,Pune,BCA,BCA,Computer Applications,2015,4,3,Mid Level,Frontend Developer,"JavaScript, React, Git, Python",None,Software Development,Frontend Developer,Software Development,Pune,Hybrid,30 days,8.2,Applied,Shortlisted,Yes
C0964,Pooja Sharma,33,Other,Gurugram,B.Sc,B.Sc,Computer Science,2024,5,5,Mid Level,Database Engineer,"SQL, Python",SQL Certification,Business Consulting and Services,Database Engineer,Software Development,Mumbai,Hybrid,90 days,7.9,Applied,Shortlisted,Yes
C0965,Aditya Nair,28,Female,Bengaluru,MCA,MCA,Computer Applications,2015,1,0,Junior,Junior Data Analyst,"Python, SQL, Excel, Power BI, Tableau, Node.js",None,Business Consulting and Services,Data Analyst,Software Development,Noida,Hybrid,Immediate,6.2,Applied,Shortlisted,Yes
C0966,Vikram Reddy,27,Male,Chennai,M.Tech,M.Tech,Data Science,2015,5,5,Mid Level,IT Support Engineer,"SQL, Git",SQL Certification,"Technology, Information and Internet",IT Support Engineer,Software Development,Mumbai,Hybrid,60 days,9.4,Applied,Shortlisted,Yes
C0967,Sanjay Singh,27,Male,Hyderabad,MCA,MCA,Information Technology,2021,0,0,Entry Level,Graduate / Trainee,"SQL, Java",None,Business Consulting and Services,SAP Consultant,IT Services and IT Consulting,Bengaluru,On-site,Immediate,3.4,Applied,Shortlisted,Yes
C0968,Rahul Patel,27,Male,Chennai,B.E.,B.E.,Information Technology,2016,0,0,Entry Level,Graduate / Trainee,"JavaScript, React",None,Software Development,Frontend Developer,Software Development,Bengaluru,On-site,60 days,2.5,Applied,Shortlisted,Yes
C0969,Meera Nair,30,Other,Delhi,M.Sc,M.Sc,Computer Science,2020,4,3,Mid Level,Database Engineer,"SQL, Python, Spark",SQL Certification,Financial Services,Database Engineer,Software Development,Noida,On-site,90 days,7.2,Applied,Shortlisted,Yes
C0970,Kavya Gupta,22,Other,Hyderabad,M.Tech,M.Tech,Artificial Intelligence,2019,1,0,Entry Level,Graduate / Trainee,"Java, Python, SQL, Git, Power BI",SQL Certification,IT Services and IT Consulting,Backend Developer,IT Services and IT Consulting,Chennai,On-site,30 days,4.4,Applied,Shortlisted,Yes
C0971,Rohan Iyer,28,Female,Gurugram,B.Sc,B.Sc,Information Technology,2014,0,0,Entry Level,Graduate / Trainee,"Python, Artificial Intelligence",None,Software Development,AI Engineer,"Technology, Information and Internet",Mumbai,Hybrid,Immediate,2.6,Applied,Not Shortlisted,Yes
C0972,Varun Nair,25,Female,Chennai,MCA,MCA,Computer Applications,2019,0,0,Entry Level,Graduate / Trainee,"AWS, Azure",AWS Certified Cloud Practitioner,IT Services and IT Consulting,Cloud Engineer,IT Services and IT Consulting,Gurugram,Hybrid,30 days,2.5,Applied,Shortlisted,Yes
C0973,Sneha Menon,27,Other,Pune,M.Tech,M.Tech,Artificial Intelligence,2025,0,0,Entry Level,Graduate / Trainee,"AWS, Azure, Docker, Kubernetes, Git",Microsoft Azure Fundamentals,IT Services and IT Consulting,Cloud Engineer,Software Development,Delhi,On-site,30 days,2.5,Applied,Shortlisted,Yes
C0974,Priya Nair,32,Female,Chennai,MCA,MCA,Computer Applications,2020,6,6,Mid Level,DevOps Engineer,"AWS, Docker, Kubernetes, Git, Azure, Machine Learning",Microsoft Azure Fundamentals,Software Development,DevOps Engineer,IT Services and IT Consulting,Mumbai,Hybrid,90 days,10.9,Applied,Shortlisted,Yes
C0975,Ananya Menon,23,Other,Mumbai,B.Tech,B.Tech,Computer Science,2014,0,0,Entry Level,Graduate / Trainee,"AWS, Docker, Kubernetes, Git",None,Software Development,DevOps Engineer,"Technology, Information and Internet",Mumbai,Hybrid,15 days,3.4,Applied,Shortlisted,Yes
C0976,Kavya Joshi,31,Female,Delhi,B.Tech,B.Tech,Artificial Intelligence,2016,4,3,Mid Level,QA Engineer,"Selenium, Java, Python, Git, Docker",Java Certification,IT Services and IT Consulting,QA Engineer,"Technology, Information and Internet",Hyderabad,Remote,60 days,9.1,Applied,Shortlisted,Yes
C0977,Priya Gupta,37,Other,Noida,B.Tech,B.Tech,Computer Science,2021,11,11,Senior / Lead,Senior Business Intelligence Analyst,"SQL, Power BI, Excel, Tableau",SQL Certification,Business Consulting and Services,Business Intelligence Analyst,IT Services and IT Consulting,Chennai,Remote,60 days,17.9,Applied,Shortlisted,Yes
C0978,Priya Iyer,24,Male,Hyderabad,B.E.,B.E.,Electronics,2014,1,0,Junior,Junior Data Engineer,"Python, SQL, Spark, AWS, Docker",AWS Certified Solutions Architect,Software Development,Data Engineer,Software Development,Noida,On-site,30 days,4.4,Applied,Shortlisted,Yes
C0979,Rahul Nair,27,Male,Mumbai,MCA,MCA,Information Technology,2023,2,1,Junior,Junior AI Engineer,"Python, Artificial Intelligence, Machine Learning, AWS",Machine Learning Certificate,"Technology, Information and Internet",AI Engineer,IT Services and IT Consulting,Chennai,Hybrid,Immediate,6.8,Applied,Shortlisted,Yes
C0980,Aditya Bose,26,Other,Pune,M.Tech,M.Tech,Computer Science,2022,3,2,Mid Level,Software Developer,"Java, JavaScript, Git, SQL, Spark",SQL Certification,Business Consulting and Services,Software Developer,Software Development,Delhi,Hybrid,15 days,5.7,Applied,Shortlisted,Yes
C0981,Pooja Iyer,39,Male,Pune,M.Tech,M.Tech,Computer Science,2023,11,11,Senior / Lead,Senior AI Engineer,"Python, Artificial Intelligence",None,Business Consulting and Services,AI Engineer,IT Services and IT Consulting,Mumbai,Remote,15 days,16.9,Applied,Shortlisted,Yes
C0982,Pooja Sharma,28,Other,Noida,B.E.,B.E.,Information Technology,2019,1,0,Junior,Junior Software Engineer,"Java, JavaScript, Git",Java Certification,Business Consulting and Services,Software Engineer,Software Development,Bengaluru,On-site,30 days,4.3,Applied,Shortlisted,Yes
C0983,Sneha Patel,30,Female,Noida,BCA,BCA,Computer Applications,2022,3,2,Mid Level,Full Stack Developer,"JavaScript, React, Node.js, Git, Docker",None,Financial Services,Full Stack Developer,Software Development,Gurugram,Hybrid,Immediate,6.8,Applied,Shortlisted,Yes
C0984,Kavya Sharma,31,Female,Gurugram,M.Sc,M.Sc,Computer Science,2018,5,4,Mid Level,Cybersecurity Analyst,"Python, SQL, Git",SQL Certification,IT Services and IT Consulting,Cybersecurity Analyst,IT Services and IT Consulting,Noida,Hybrid,15 days,7.2,Applied,Shortlisted,Yes
C0985,Rohan Patel,30,Male,Mumbai,B.E.,B.E.,Information Technology,2022,3,3,Mid Level,Software Engineer,"Java, JavaScript, Git, SQL, Python, React",Java Certification,IT Services and IT Consulting,Software Engineer,Software Development,Mumbai,Hybrid,15 days,9.4,Applied,Shortlisted,Yes
C0986,Kiran Sharma,27,Male,Bengaluru,B.E.,B.E.,Electronics,2017,0,0,Entry Level,Graduate / Trainee,"AWS, Azure, Docker, Kubernetes, Node.js",AWS Certified Solutions Architect,Business Consulting and Services,Cloud Engineer,IT Services and IT Consulting,Chennai,Remote,30 days,2.5,Applied,Shortlisted,Yes
C0987,Meera Sharma,33,Female,Hyderabad,B.Sc,B.Sc,Information Technology,2017,9,9,Senior / Lead,Senior Machine Learning Engineer,"Python, Machine Learning",None,Software Development,Machine Learning Engineer,Software Development,Noida,Hybrid,90 days,13.9,Applied,Not Shortlisted,Yes
C0988,Rahul Kumar,29,Female,Noida,M.Sc,M.Sc,Computer Science,2025,6,6,Senior / Lead,Senior Machine Learning Engineer,"Python, Machine Learning, Docker, AWS",None,Business Consulting and Services,Machine Learning Engineer,IT Services and IT Consulting,Noida,On-site,Immediate,11.4,Applied,Shortlisted,Yes
C0989,Rohan Pillai,28,Female,Pune,B.E.,B.E.,Information Technology,2017,5,4,Mid Level,Cloud Engineer,"AWS, Azure, Docker, Kubernetes",AWS Certified Cloud Practitioner,IT Services and IT Consulting,Cloud Engineer,Software Development,Noida,Hybrid,90 days,12.1,Applied,Shortlisted,Yes
C0990,Rohan Bose,33,Female,Mumbai,B.E.,B.E.,Electronics,2020,5,4,Mid Level,IT Support Engineer,"SQL, Git",SQL Certification,Financial Services,IT Support Engineer,Software Development,Chennai,On-site,30 days,8.1,Applied,Shortlisted,Yes
C0991,Neha Das,22,Other,Pune,M.Tech,M.Tech,Computer Science,2016,0,0,Entry Level,Graduate / Trainee,"JavaScript, React, Git, SQL, AWS",AWS Certified Cloud Practitioner,"Technology, Information and Internet",Frontend Developer,"Technology, Information and Internet",Delhi,Remote,30 days,3.3,Applied,Shortlisted,Yes
C0992,Aarav Kumar,33,Female,Mumbai,M.Sc,M.Sc,Computer Science,2014,6,5,Mid Level,Frontend Developer,"JavaScript, React, Git, Kubernetes",None,Software Development,Frontend Developer,IT Services and IT Consulting,Noida,On-site,30 days,8.7,Applied,Shortlisted,Yes
C0993,Rohan Singh,26,Male,Gurugram,MCA,MCA,Computer Applications,2015,4,3,Mid Level,IT Support Engineer,"SQL, Git, Docker, Java",None,"Technology, Information and Internet",IT Support Engineer,Software Development,Hyderabad,Remote,30 days,9.3,Applied,Shortlisted,Yes
C0994,Neha Reddy,29,Female,Hyderabad,M.Sc,M.Sc,Information Technology,2019,3,3,Mid Level,Business Intelligence Analyst,"SQL, Power BI, Excel, Tableau, React",None,Software Development,Business Intelligence Analyst,Software Development,Mumbai,On-site,60 days,8.0,Applied,Shortlisted,Yes
C0995,Aisha Menon,25,Female,Mumbai,M.Tech,M.Tech,Data Science,2017,1,1,Entry Level,Graduate / Trainee,"Python, SQL, Spark, AWS, Docker, GCP",AWS Certified Solutions Architect,Software Development,Data Engineer,Software Development,Bengaluru,On-site,90 days,5.8,Applied,Shortlisted,Yes
C0996,Kiran Iyer,27,Other,Noida,BCA,BCA,Information Technology,2025,6,5,Mid Level,IT Business Analyst,"SQL, Excel, Power BI, Kubernetes, Artificial Intelligence",SQL Certification,Software Development,IT Business Analyst,Software Development,Hyderabad,On-site,Immediate,11.6,Applied,Shortlisted,Yes
C0997,Meera Patel,31,Female,Noida,M.Sc,M.Sc,Computer Science,2014,3,2,Mid Level,Data Scientist,"Python, SQL",SQL Certification,Software Development,Data Scientist,Software Development,Hyderabad,On-site,60 days,6.8,Applied,Shortlisted,Yes
C0998,Arjun Singh,27,Other,Mumbai,M.Sc,M.Sc,Information Technology,2022,6,6,Mid Level,Data Scientist,"Python, SQL, Machine Learning, Spark, Excel, Git",Machine Learning Certificate,"Technology, Information and Internet",Data Scientist,IT Services and IT Consulting,Chennai,On-site,60 days,11.2,Applied,Shortlisted,Yes
C0999,Rahul Reddy,30,Male,Bengaluru,BCA,BCA,Computer Applications,2021,3,2,Mid Level,IT Business Analyst,"SQL, Excel, Power BI, Machine Learning, Docker",Google Data Analytics,Software Development,IT Business Analyst,"Technology, Information and Internet",Delhi,On-site,60 days,8.0,Applied,Shortlisted,Yes
C1000,Vikram Kumar,23,Other,Hyderabad,BCA,BCA,Information Technology,2020,1,0,Entry Level,Graduate / Trainee,"SQL, Java",SQL Certification,Business Consulting and Services,SAP Consultant,Software Development,Noida,On-site,15 days,4.8,Applied,Shortlisted,Yes
